sourcedId,status,dateLastModified,title,grades,courseSourcedId,classCode,classType,location,schoolSourcedId,termSourcedIds,subjects,subjectCodes,periods
001499601,,,REMOTE LEARNING,,0014996,,scheduled,LIB,024901001,024901-3,,,01
001499602,,,REMOTE LEARNING,,0014996,,scheduled,LIB,024901001,024901-3,,,02
001499603,,,REMOTE LEARNING,,0014996,,scheduled,LIB,024901001,024901-3,,,03
001499604,,,REMOTE LEARNING,,0014996,,homeroom,LIB,024901001,024901-3,,,04
001499605,,,REMOTE LEARNING,,0014996,,scheduled,LIB,024901001,024901-3,,,05
001499606,,,REMOTE LEARNING,,0014996,,homeroom,LIB,024901001,024901-3,,,06
001499607,,,REMOTE LEARNING,,0014996,,homeroom,LIB,024901001,024901-3,,,07
001499608,,,REMOTE LEARNING,,0014996,,homeroom,LIB,024901001,024901-3,,,08
001499706,,,Inter/Inclussio,,0014997,,scheduled,,024901001,024901-3,,,06
001500103,,,ENG 1 INTERVENT,,0015001,,scheduled,1206,024901001,024901-3,,,03
001500105,,,ENG 1 INTERVENT,,0015001,,scheduled,1206,024901001,024901-3,,,05
001500107,,,ENG 1 INTERVENT,,0015001,,scheduled,1201,024901001,024901-3,,,07
001500108,,,ENG 1 INTERVENT,,0015001,,scheduled,2201,024901001,024901-3,,,08
001500117,,,ENG 1 INTERVENT,,0015001,,scheduled,2201,024901001,024901-3,,,07
001500202,,,ENG 2 INTERVENT,,0015002,,scheduled,1208,024901001,024901-3,,,02
001500203,,,ENG 2 INTERVENT,,0015002,,scheduled,1206,024901001,024901-3,,,03
001500206,,,ENG 2 INTERVENT,,0015002,,scheduled,1208,024901001,024901-3,,,06
001500207,,,ENG 2 INTERVENT,,0015002,,scheduled,1206,024901001,024901-3,,,07
001500226,,,ENG 2 INTERVENT,,0015002,,scheduled,2201,024901001,024901-3,,,06
001500503,,,TSI PREP ELA,,0015005,,scheduled,1208,024901001,024901-2,,,03
001500504,,,TSI PREP ELA,,0015005,,scheduled,1208,024901001,024901-2,,,04
001500508,,,TSI PREP ELA,,0015005,,scheduled,1208,024901001,024901-2,,,08
001500607,,,TSI PREP MATH,,0015006,,scheduled,,024901001,024901-2,,,07
001500903,,,WLDG 2413,,0015009,,scheduled,AG,024901001,024901-2,,,03
001501101,,,InENG 1,,0015011,,scheduled,1208,024901001,024901-3,,,01
001501105,,,InENG 1,,0015011,,scheduled,1208,024901001,024901-3,,,05
001501201,,,InENG 2,,0015012,,scheduled,1207,024901001,024901-3,,,01
001501205,,,InENG 2,,0015012,,scheduled,1207,024901001,024901-3,,,05
001501301,,,InENG 3,,0015013,,scheduled,1206,024901001,024901-3,,,01
001501308,,,InENG 3,,0015013,,scheduled,1207,024901001,024901-3,,,08
001501401,,,InALG 1,,0015014,,scheduled,2203,024901001,024901-3,,,01
001501403,,,InALG 1,,0015014,,scheduled,2206,024901001,024901-3,,,03
001501407,,,InALG 1,,0015014,,homeroom,2206,024901001,024901-3,,,07
001501503,,,InALG 2,,0015015,,scheduled,2204,024901001,024901-3,,,03
001501508,,,InALG 2,,0015015,,scheduled,2204,024901001,024901-3,,,08
001501605,,,InGEOM,,0015016,,homeroom,2201,024901001,024901-3,,,05
001501607,,,InGEOM,,0015016,,homeroom,2204,024901001,024901-3,,,07
001501706,,,InBIO 1,,0015017,,scheduled,1246,024901001,024901-3,,,06
001501708,,,InBIO 1,,0015017,,scheduled,1246,024901001,024901-3,,,08
001501802,,,InCHEMISTRY,,0015018,,scheduled,1244,024901001,024901-3,,,02
001501903,,,InWLD GEOGRAPHY,,0015019,,scheduled,2217,024901001,024901-3,,,03
001501907,,,InWLD GEOGRAPHY,,0015019,,homeroom,2217,024901001,024901-3,,,07
001502004,,,InWLD HISTORY,,0015020,,scheduled,2220,024901001,024901-3,,,04
001502103,,,InUS HISTORY,,0015021,,scheduled,2223,024901001,024901-3,,,03
001502202,,,InGOVERNMENT,,0015022,,scheduled,2220,024901001,024901-1,,,02
001502302,,,InECONOMICS,,0015023,,scheduled,2220,024901001,024901-2,,,02
001502401,,,InPHYSICS,,0015024,,scheduled,1246,024901001,024901-3,,,01
001502502,,,InENVR SYSTEMS,,0015025,,scheduled,1242,024901001,024901-3,,,02
001502505,,,InENVR SYSTEMS,,0015025,,homeroom,1242,024901001,024901-3,,,05
001502603,,,InENGLISH 4,,0015026,,scheduled,1206,024901001,024901-3,,,03
001502606,,,InENGLISH 4,,0015026,,scheduled,1206,024901001,024901-3,,,06
001502704,,,InFINANCIALMATH,,0015027,,scheduled,1242,024901001,024901-3,,,04
001502707,,,InFINANCIALMATH,,0015027,,homeroom,2201,024901001,024901-3,,,07
001509403,,,DIGIT ART ANIMA,,0015094,,scheduled,1204,024901001,024901-3,,,03
001509405,,,DIGIT ART ANIMA,,0015094,,scheduled,1204,024901001,024901-3,,,05
001509504,,,ENGLISH 1 BLOCK,,0015095,,scheduled,1206,024901001,024901-3,,,04
001509507,,,ENGLISH 1 BLOCK,,0015095,,scheduled,2201,024901001,024901-3,,,07
001509601,,,ENGLISH 2 BLOCK,,0015096,,scheduled,1208,024901001,024901-3,,,01
001509602,,,ENGLISH 2 BLOCK,,0015096,,scheduled,1206,024901001,024901-3,,,02
001509605,,,ENGLISH 2 BLOCK,,0015096,,scheduled,1208,024901001,024901-3,,,05
001509606,,,ENGLISH 2 BLOCK,,0015096,,scheduled,1206,024901001,024901-3,,,06
001509615,,,ENGLISH 2 BLOCK,,0015096,,scheduled,2201,024901001,024901-3,,,05
001509702,,,ALGEBRA 1 BLOCK,,0015097,,scheduled,1211,024901001,024901-3,,,02
001509706,,,ALGEBRA 1 BLOCK,,0015097,,scheduled,1242,024901001,024901-3,,,06
001510101,,,ENG 1,,0015101,,scheduled,1208,024901001,024901-3,,,01
001510103,,,ENG 1,,0015101,,scheduled,1208,024901001,024901-3,,,03
001510105,,,ENG 1,,0015101,,scheduled,1208,024901001,024901-3,,,05
001510201,,,ENG 2,,0015102,,scheduled,1207,024901001,024901-3,,,01
001510203,,,ENG 2,,0015102,,scheduled,1207,024901001,024901-3,,,03
001510205,,,ENG 2,,0015102,,scheduled,1207,024901001,024901-3,,,05
001510301,,,ENG 3,,0015103,,scheduled,1206,024901001,024901-3,,,01
001510302,,,ENG 3,,0015103,,scheduled,1206,024901001,024901-3,,,02
001510303,,,ENG 3,,0015103,,scheduled,1207,024901001,024901-3,,,03
001510304,,,ENG 3,,0015103,,scheduled,1206,024901001,024901-3,,,04
001510308,,,ENG 3,,0015103,,scheduled,1207,024901001,024901-3,,,08
001510314,,,ENG 3,,0015103,,scheduled,1207,024901001,024901-3,,,04
001510318,,,ENG 3,,0015103,,scheduled,1206,024901001,024901-3,,,08
001510403,,,ENG 4,,0015104,,scheduled,1206,024901001,024901-3,,,03
001510405,,,ENG 4,,0015104,,scheduled,1206,024901001,024901-3,,,05
001510406,,,ENG 4,,0015104,,scheduled,1206,024901001,024901-3,,,06
001510502,,,COMM APPL,,0015105,,scheduled,,024901001,024901-1,,,02
001510503,,,COMM APPL,,0015105,,scheduled,1212,024901001,024901-1,,,03
001510506,,,COMM APPL,,0015105,,scheduled,1212,024901001,024901-1,,,06
001510507,,,COMM APPL,,0015105,,homeroom,1212,024901001,024901-1,,,07
001510513,,,COMM APPL,,0015105,,homeroom,1212,024901001,024901-2,,,03
001510516,,,COMM APPL,,0015105,,scheduled,1212,024901001,024901-2,,,06
001510517,,,COMM APPL,,0015105,,scheduled,1212,024901001,024901-2,,,07
001510708,,,READING 2,,0015107,,scheduled,1208,024901001,024901-3,,,08
001510908,,,READING 4,,0015109,,scheduled,1208,024901001,024901-3,,,08
001511007,,,ENG-DSY,,0015110,,scheduled,1228,024901001,024901-3,,,07
001511108,,,ENG 1 HONORS,,0015111,,scheduled,1208,024901001,024901-3,,,08
001511203,,,ENG 2 HONORS,,0015112,,scheduled,1208,024901001,024901-3,,,03
001511606,,,FORENSIC SCIENC,,0015116,,homeroom,1242,024901001,024901-3,,,06
001511607,,,FORENSIC SCIENC,,0015116,,homeroom,1242,024901001,024901-3,,,07
001511708,,,COMM TECHNOLGY,,0015117,,scheduled,1206,024901001,024901-3,,,08
001511807,,,PROJ BASE RESRC,,0015118,,scheduled,2201,024901001,024901-3,,,07
001511903,,,ENGLISH2 HON1.0,,0015119,,scheduled,2201,024901001,024901-2,,,03
001512101,,,ENGLISH 1302,,0015121,,scheduled,LIBR,024901001,024901-1,,,01
001512102,,,ENGLISH 1302,,0015121,,homeroom,12:4,024901001,024901-1,,,02
001512103,,,ENGLISH 1302,,0015121,,scheduled,LIBR,024901001,024901-1,,,03
001512104,,,ENGLISH 1302,,0015121,,scheduled,LIBR,024901001,024901-1,,,04
001512105,,,ENGLISH 1302,,0015121,,scheduled,LIBR,024901001,024901-1,,,05
001512106,,,ENGLISH 1302,,0015121,,homeroom,LIBR,024901001,024901-1,,,06
001512107,,,ENGLISH 1302,,0015121,,scheduled,LIBR,024901001,024901-1,,,07
001512108,,,ENGLISH 1302,,0015121,,scheduled,LIBR,024901001,024901-1,,,08
001512111,,,ENGLISH 1302,,0015121,,scheduled,LIBR,024901001,024901-2,,,01
001512112,,,ENGLISH 1302,,0015121,,scheduled,LIBR,024901001,024901-2,,,02
001512113,,,ENGLISH 1302,,0015121,,scheduled,LIBR,024901001,024901-2,,,03
001512114,,,ENGLISH 1302,,0015121,,scheduled,LIBR,024901001,024901-2,,,04
001512115,,,ENGLISH 1302,,0015121,,scheduled,LIBR,024901001,024901-2,,,05
001512116,,,ENGLISH 1302,,0015121,,scheduled,LIBR,024901001,024901-2,,,06
001512117,,,ENGLISH 1302,,0015121,,scheduled,LIBR,024901001,024901-2,,,07
001512118,,,ENGLISH 1302,,0015121,,scheduled,LIBR,024901001,024901-2,,,08
001512401,,,ENGLISH 2322,,0015124,,scheduled,2216,024901001,024901-1,,,01
001512402,,,ENGLISH 2322,,0015124,,scheduled,2216,024901001,024901-1,,,02
001512403,,,ENGLISH 2322,,0015124,,scheduled,2216,024901001,024901-1,,,03
001512404,,,ENGLISH 2322,,0015124,,scheduled,,024901001,024901-1,,,04
001512405,,,ENGLISH 2322,,0015124,,scheduled,2216,024901001,024901-1,,,05
001512406,,,ENGLISH 2322,,0015124,,scheduled,2216,024901001,024901-1,,,06
001512407,,,ENGLISH 2322,,0015124,,scheduled,2216,024901001,024901-1,,,07
001512408,,,ENGLISH 2322,,0015124,,scheduled,2216,024901001,024901-1,,,08
001512603,,,PROFCOMM1311,,0015126,,scheduled,PHS,024901001,024901-1,,,03
001512608,,,PROFCOMM1311,,0015126,,scheduled,,024901001,024901-1,,,08
001512707,,,PROFCOMM1315,,0015127,,scheduled,2216,024901001,024901-2,,,07
001512901,,,ENGLISH 1301,,0015129,,scheduled,LIBR,024901001,024901-1,,,01
001512902,,,ENGLISH 1301,,0015129,,scheduled,LIBR,024901001,024901-1,,,02
001512903,,,ENGLISH 1301,,0015129,,scheduled,LIBR,024901001,024901-1,,,03
001512904,,,ENGLISH 1301,,0015129,,scheduled,LIBR,024901001,024901-1,,,04
001512905,,,ENGLISH 1301,,0015129,,scheduled,LIBR,024901001,024901-1,,,05
001512906,,,ENGLISH 1301,,0015129,,scheduled,LIBR,024901001,024901-1,,,06
001512907,,,ENGLISH 1301,,0015129,,homeroom,LIBR,024901001,024901-1,,,07
001512908,,,ENGLISH 1301,,0015129,,scheduled,LIBR,024901001,024901-1,,,08
001512911,,,ENGLISH 1301,,0015129,,scheduled,LIBR,024901001,024901-2,,,01
001512912,,,ENGLISH 1301,,0015129,,scheduled,LIBR,024901001,024901-2,,,02
001512913,,,ENGLISH 1301,,0015129,,scheduled,LIBR,024901001,024901-2,,,03
001512914,,,ENGLISH 1301,,0015129,,scheduled,LIBR,024901001,024901-2,,,04
001512915,,,ENGLISH 1301,,0015129,,scheduled,LIBR,024901001,024901-2,,,05
001512916,,,ENGLISH 1301,,0015129,,scheduled,LIBR,024901001,024901-2,,,06
001512917,,,ENGLISH 1301,,0015129,,scheduled,LIBR,024901001,024901-2,,,07
001512918,,,ENGLISH 1301,,0015129,,scheduled,LIBR,024901001,024901-2,,,08
001513101,,,SPANISH I,,0015131,,homeroom,1211,024901001,024901-3,,,01
001513103,,,SPANISH I,,0015131,,scheduled,1211,024901001,024901-3,,,03
001513104,,,SPANISH I,,0015131,,homeroom,1211,024901001,024901-3,,,04
001513105,,,SPANISH I,,0015131,,homeroom,1211,024901001,024901-3,,,05
001513201,,,Spanish II,,0015132,,scheduled,1212,024901001,024901-3,,,01
001513202,,,Spanish II,,0015132,,homeroom,1212,024901001,024901-3,,,02
001513204,,,Spanish II,,0015132,,scheduled,1212,024901001,024901-3,,,04
001513208,,,Spanish II,,0015132,,homeroom,1212,024901001,024901-3,,,08
001513301,,,SPANISH III,,0015133,,scheduled,1212,024901001,024901-3,,,01
001513302,,,SPANISH III,,0015133,,scheduled,1212,024901001,024901-3,,,02
001513308,,,SPANISH III,,0015133,,scheduled,2575,024901001,024901-3,,,08
001513501,,,MUSI 1306,,0015135,,scheduled,LIBR,024901001,024901-1,,,01
001513502,,,MUSI 1306,,0015135,,scheduled,LIBR,024901001,024901-1,,,02
001513503,,,MUSI 1306,,0015135,,scheduled,LIBR,024901001,024901-2,,,03
001513504,,,MUSI 1306,,0015135,,scheduled,LIBR,024901001,024901-1,,,04
001513505,,,MUSI 1306,,0015135,,scheduled,LIBR,024901001,024901-1,,,05
001513506,,,MUSI 1306,,0015135,,scheduled,LIBR,024901001,024901-1,,,06
001513507,,,MUSI 1306,,0015135,,scheduled,LIBR,024901001,024901-1,,,07
001513508,,,MUSI 1306,,0015135,,scheduled,LIBR,024901001,024901-1,,,08
001513513,,,MUSI 1306,,0015135,,homeroom,,024901001,024901-1,,,03
001513601,,,GEOL 1305,,0015136,,scheduled,LIBR,024901001,024901-1,,,01
001513602,,,GEOL 1305,,0015136,,homeroom,LIBR,024901001,024901-1,,,02
001513603,,,GEOL 1305,,0015136,,homeroom,LIBR,024901001,024901-1,,,03
001513604,,,GEOL 1305,,0015136,,scheduled,LIBR,024901001,024901-1,,,04
001513605,,,GEOL 1305,,0015136,,scheduled,LIBR,024901001,024901-1,,,05
001513606,,,GEOL 1305,,0015136,,scheduled,LIBR,024901001,024901-1,,,06
001513607,,,GEOL 1305,,0015136,,scheduled,LIBR,024901001,024901-1,,,07
001513608,,,GEOL 1305,,0015136,,scheduled,LIBR,024901001,024901-1,,,08
001513702,,,WLDG 1323,,0015137,,scheduled,AG,024901001,024901-2,,,02
001513703,,,WLDG 1323,,0015137,,scheduled,AG,024901001,024901-1,,,03
001513704,,,WLDG 1323,,0015137,,scheduled,AG,024901001,024901-2,,,04
001513807,,,COMG 1391,,0015138,,scheduled,AG,024901001,024901-2,,,07
001513907,,,TECM 1301,,0015139,,scheduled,AG,024901001,024901-2,,,07
001514005,,,WLDG 2453,,0015140,,homeroom,AG,024901001,024901-2,,,05
001514101,,,BIOL 1322,,0015141,,scheduled,LIBR,024901001,024901-1,,,01
001514102,,,BIOL 1322,,0015141,,homeroom,LIBR,024901001,024901-1,,,02
001514103,,,BIOL 1322,,0015141,,scheduled,LIBR,024901001,024901-1,,,03
001514104,,,BIOL 1322,,0015141,,scheduled,LIBR,024901001,024901-1,,,04
001514105,,,BIOL 1322,,0015141,,scheduled,LIBR,024901001,024901-1,,,05
001514106,,,BIOL 1322,,0015141,,scheduled,LIBR,024901001,024901-1,,,06
001514107,,,BIOL 1322,,0015141,,homeroom,LIBR,024901001,024901-1,,,07
001514108,,,BIOL 1322,,0015141,,scheduled,LIBR,024901001,024901-1,,,08
001514111,,,BIOL 1322,,0015141,,scheduled,LIBR,024901001,024901-2,,,01
001514112,,,BIOL 1322,,0015141,,scheduled,2216,024901001,024901-2,,,02
001514113,,,BIOL 1322,,0015141,,scheduled,LIBR,024901001,024901-2,,,03
001514114,,,BIOL 1322,,0015141,,scheduled,LIBR,024901001,024901-2,,,04
001514115,,,BIOL 1322,,0015141,,scheduled,LIBR,024901001,024901-2,,,05
001514116,,,BIOL 1322,,0015141,,scheduled,LIBR,024901001,024901-2,,,06
001514117,,,BIOL 1322,,0015141,,scheduled,LIBR,024901001,024901-2,,,07
001514118,,,BIOL 1322,,0015141,,scheduled,LIBR,024901001,024901-2,,,08
001520001,,,GEOG 1303,,0015200,,scheduled,,024901001,024901-1,,,01
001520002,,,GEOG 1303,,0015200,,scheduled,2216,024901001,024901-2,,,02
001520003,,,GEOG 1303,,0015200,,scheduled,2216,024901001,024901-2,,,03
001520004,,,GEOG 1303,,0015200,,scheduled,2216,024901001,024901-2,,,04
001520005,,,GEOG 1303,,0015200,,scheduled,2216,024901001,024901-2,,,05
001520006,,,GEOG 1303,,0015200,,scheduled,2216,024901001,024901-2,,,06
001520007,,,GEOG 1303,,0015200,,scheduled,2216,024901001,024901-2,,,07
001520008,,,GEOG 1303,,0015200,,scheduled,2216,024901001,024901-2,,,08
001520101,,,ALG 1,,0015201,,scheduled,2203,024901001,024901-3,,,01
001520103,,,ALG 1,,0015201,,homeroom,2206,024901001,024901-3,,,03
001520105,,,ALG 1,,0015201,,scheduled,2206,024901001,024901-3,,,05
001520107,,,ALG 1,,0015201,,homeroom,2206,024901001,024901-3,,,07
001520205,,,GEOMETRY,,0015202,,scheduled,2201,024901001,024901-3,,,05
001520206,,,GEOMETRY,,0015202,,scheduled,2204,024901001,024901-3,,,04
001520207,,,GEOMETRY,,0015202,,homeroom,2204,024901001,024901-3,,,07
001520208,,,GEOMETRY,,0015202,,homeroom,2204,024901001,024901-3,,,08
001520503,,,ALG 2,,0015205,,scheduled,2204,024901001,024901-3,,,03
001520504,,,ALG 2,,0015205,,homeroom,2204,024901001,024901-3,,,06
001520505,,,ALG 2,,0015205,,scheduled,2204,024901001,024901-3,,,05
001520508,,,ALG 2,,0015205,,scheduled,2204,024901001,024901-3,,,08
001520513,,,ALG 2,,0015205,,scheduled,2203,024901001,024901-3,,,03
001521101,,,ALG 1 HONORS,,0015211,,scheduled,2206,024901001,024901-3,,,01
001521206,,,GEOM HONORS,,0015212,,homeroom,2201,024901001,024901-3,,,06
001521301,,,ALG 2 HONORS,,0015213,,scheduled,2204,024901001,024901-3,,,01
001521501,,,MATH1314,,0015215,,scheduled,LIBR,024901001,024901-1,,,01
001521502,,,MATH1314,,0015215,,scheduled,LIBR,024901001,024901-1,,,02
001521503,,,MATH1314,,0015215,,homeroom,LIBR,024901001,024901-1,,,03
001521504,,,MATH1314,,0015215,,scheduled,LIBR,024901001,024901-1,,,04
001521505,,,MATH1314,,0015215,,scheduled,LIBR,024901001,024901-1,,,05
001521506,,,MATH1314,,0015215,,homeroom,LIBR,024901001,024901-1,,,06
001521507,,,MATH1314,,0015215,,homeroom,LIBR,024901001,024901-1,,,07
001521508,,,MATH1314,,0015215,,scheduled,LIBR,024901001,024901-1,,,08
001521511,,,MATH1314,,0015215,,scheduled,LIBR,024901001,024901-2,,,01
001521512,,,MATH1314,,0015215,,scheduled,LIBR,024901001,024901-2,,,02
001521513,,,MATH1314,,0015215,,scheduled,LIBR,024901001,024901-2,,,03
001521514,,,MATH1314,,0015215,,scheduled,LIBR,024901001,024901-2,,,04
001521515,,,MATH1314,,0015215,,scheduled,LIBR,024901001,024901-2,,,05
001521516,,,MATH1314,,0015215,,scheduled,LIBR,024901001,024901-2,,,06
001521517,,,MATH1314,,0015215,,scheduled,LIBR,024901001,024901-2,,,07
001521518,,,MATH1314,,0015215,,scheduled,LIBR,024901001,024901-2,,,08
001521608,,,COLLEGE TRG1316,,0015216,,scheduled,2216,024901001,024901-2,,,08
001530103,,,BIOLOGY 1,,0015301,,scheduled,1246,024901001,024901-3,,,03
001530106,,,BIOLOGY 1,,0015301,,scheduled,1246,024901001,024901-3,,,06
001530108,,,BIOLOGY 1,,0015301,,scheduled,1244,024901001,024901-3,,,05
001530118,,,BIOLOGY 1,,0015301,,scheduled,1246,024901001,024901-3,,,08
001530301,,,CHEMISTRY,,0015303,,scheduled,1244,024901001,024901-3,,,01
001530302,,,CHEMISTRY,,0015303,,scheduled,1244,024901001,024901-3,,,02
001530303,,,CHEMISTRY,,0015303,,scheduled,1244,024901001,024901-3,,,03
001530305,,,CHEMISTRY,,0015303,,scheduled,1244,024901001,024901-3,,,08
001530307,,,CHEMISTRY,,0015303,,homeroom,1244,024901001,024901-3,,,07
001530401,,,PHYSICS,,0015304,,scheduled,1246,024901001,024901-3,,,01
001530402,,,PHYSICS,,0015304,,scheduled,1246,024901001,024901-3,,,02
001530405,,,PHYSICS,,0015304,,scheduled,1246,024901001,024901-3,,,05
001530501,,,Anatomy & Physi,,0015305,,homeroom,1242,024901001,024901-3,,,01
001530507,,,Anatomy & Physi,,0015305,,scheduled,1242,024901001,024901-3,,,07
001530508,,,Anatomy & Physi,,0015305,,homeroom,1242,024901001,024901-3,,,08
001530608,,,EARTH SPACE SCI,,0015306,,scheduled,,024901001,024901-3,,,08
001530702,,,ENVR SYSTEMS,,0015307,,homeroom,1242,024901001,024901-3,,,02
001530703,,,ENVR SYSTEMS,,0015307,,homeroom,1242,024901001,024901-3,,,03
001530705,,,ENVR SYSTEMS,,0015307,,homeroom,1242,024901001,024901-3,,,05
001531107,,,BIO 1 HONORS,,0015311,,homeroom,1246,024901001,024901-3,,,07
001531206,,,CHEM HONORS,,0015312,,scheduled,1244,024901001,024901-3,,,06
001531502,,,BIOL 1306 LEC,,0015315,,scheduled,,024901001,024901-1,,,02
001531604,,,BIOLOGY1106,,0015316,,scheduled,,024901001,024901-1,,,04
001531614,,,BIOLOGY1106,,0015316,,scheduled,,024901001,024901-2,,,04
001531701,,,BIOLOGY 1308,,0015317,,scheduled,2216,024901001,024901-1,,,01
001531702,,,BIOLOGY 1308,,0015317,,scheduled,2216,024901001,024901-1,,,02
001531703,,,BIOLOGY 1308,,0015317,,scheduled,2216,024901001,024901-1,,,03
001531704,,,BIOLOGY 1308,,0015317,,scheduled,2216,024901001,024901-1,,,04
001531705,,,BIOLOGY 1308,,0015317,,scheduled,2216,024901001,024901-1,,,05
001531706,,,BIOLOGY 1308,,0015317,,scheduled,2216,024901001,024901-1,,,06
001531707,,,BIOLOGY 1308,,0015317,,scheduled,2216,024901001,024901-1,,,07
001531708,,,BIOLOGY 1308,,0015317,,scheduled,2216,024901001,024901-1,,,08
001531905,,,BIOL 1306 REC,,0015319,,scheduled,,024901001,024901-1,,,05
001531915,,,BIOL 1306 REC,,0015319,,scheduled,,024901001,024901-1,,,05
001532703,,,HVAC HART 1401,,0015327,,scheduled,AG,024901001,024901-1,,,03
001532805,,,HVAC 2,,0015328,,scheduled,AG,024901001,024901-1,,,05
001532901,,,PHIL 2306,,0015329,,scheduled,,024901001,024901-2,,,01
001532902,,,PHIL 2306,,0015329,,scheduled,2216,024901001,024901-2,,,02
001532903,,,PHIL 2306,,0015329,,scheduled,2216,024901001,024901-2,,,03
001532904,,,PHIL 2306,,0015329,,scheduled,2216,024901001,024901-2,,,04
001532905,,,PHIL 2306,,0015329,,scheduled,2216,024901001,024901-2,,,05
001532906,,,PHIL 2306,,0015329,,scheduled,2216,024901001,024901-2,,,06
001532907,,,PHIL 2306,,0015329,,scheduled,2216,024901001,024901-2,,,07
001532908,,,PHIL 2306,,0015329,,scheduled,2216,024901001,024901-2,,,08
001539901,,,PSYC 2314,,0015399,,scheduled,2216,024901001,024901-1,,,01
001539902,,,PSYC 2314,,0015399,,scheduled,2216,024901001,024901-1,,,02
001539903,,,PSYC 2314,,0015399,,scheduled,2216,024901001,024901-1,,,03
001539904,,,PSYC 2314,,0015399,,scheduled,2216,024901001,024901-1,,,04
001539905,,,PSYC 2314,,0015399,,scheduled,2216,024901001,024901-1,,,05
001539906,,,PSYC 2314,,0015399,,scheduled,2216,024901001,024901-1,,,06
001539907,,,PSYC 2314,,0015399,,scheduled,2216,024901001,024901-1,,,07
001539908,,,PSYC 2314,,0015399,,scheduled,2216,024901001,024901-1,,,08
001540001,,,ECONOMIC 2301,,0015400,,scheduled,LIBR,024901001,024901-1,,,01
001540002,,,ECONOMIC 2301,,0015400,,scheduled,LIBR,024901001,024901-1,,,02
001540003,,,ECONOMIC 2301,,0015400,,scheduled,LIBR,024901001,024901-1,,,03
001540004,,,ECONOMIC 2301,,0015400,,homeroom,LIBR,024901001,024901-1,,,04
001540005,,,ECONOMIC 2301,,0015400,,scheduled,LIBR,024901001,024901-1,,,05
001540006,,,ECONOMIC 2301,,0015400,,scheduled,LIBR,024901001,024901-1,,,06
001540007,,,ECONOMIC 2301,,0015400,,homeroom,LIBR,024901001,024901-1,,,07
001540008,,,ECONOMIC 2301,,0015400,,scheduled,LIBR,024901001,024901-1,,,08
001540101,,,WLD GEOGRAPHY,,0015401,,scheduled,2217,024901001,024901-3,,,01
001540102,,,WLD GEOGRAPHY,,0015401,,scheduled,2217,024901001,024901-3,,,02
001540103,,,WLD GEOGRAPHY,,0015401,,scheduled,2217,024901001,024901-3,,,03
001540106,,,WLD GEOGRAPHY,,0015401,,scheduled,2217,024901001,024901-3,,,06
001540107,,,WLD GEOGRAPHY,,0015401,,homeroom,2217,024901001,024901-3,,,07
001540202,,,US HISTORY,,0015402,,scheduled,2223,024901001,024901-3,,,02
001540203,,,US HISTORY,,0015402,,homeroom,2223,024901001,024901-3,,,03
001540204,,,US HISTORY,,0015402,,homeroom,2217,024901001,024901-3,,,04
001540206,,,US HISTORY,,0015402,,scheduled,2223,024901001,024901-3,,,06
001540207,,,US HISTORY,,0015402,,homeroom,2223,024901001,024901-3,,,07
001540208,,,US HISTORY,,0015402,,scheduled,,024901001,024901-3,,,08
001540301,,,WLD HISTORY,,0015403,,scheduled,2223,024901001,024901-3,,,01
001540303,,,WLD HISTORY,,0015403,,scheduled,2220,024901001,024901-3,,,03
001540304,,,WLD HISTORY,,0015403,,scheduled,2220,024901001,024901-3,,,04
001540305,,,WLD HISTORY,,0015403,,scheduled,2220,024901001,024901-3,,,05
001540401,,,GOVERNMENT,,0015404,,scheduled,2220,024901001,024901-1,,,01
001540402,,,GOVERNMENT,,0015404,,scheduled,2220,024901001,024901-1,,,02
001540406,,,GOVERNMENT,,0015404,,scheduled,2220,024901001,024901-1,,,06
001540407,,,GOVERNMENT,,0015404,,homeroom,2220,024901001,024901-1,,,07
001540501,,,ECONOMICS,,0015405,,homeroom,2220,024901001,024901-2,,,01
001540502,,,ECONOMICS,,0015405,,homeroom,2220,024901001,024901-2,,,02
001540506,,,ECONOMICS,,0015405,,scheduled,2220,024901001,024901-2,,,06
001540507,,,ECONOMICS,,0015405,,homeroom,2220,024901001,024901-2,,,07
001541105,,,WLD GEO HONORS,,0015411,,scheduled,2217,024901001,024901-3,,,05
001541305,,,WLD HIST HONORS,,0015413,,scheduled,2223,024901001,024901-3,,,05
001542201,,,US HIST 1301,,0015422,,scheduled,LIBR,024901001,024901-1,,,01
001542202,,,US HIST 1301,,0015422,,scheduled,LIBR,024901001,024901-1,,,02
001542203,,,US HIST 1301,,0015422,,scheduled,LIBR,024901001,024901-1,,,03
001542204,,,US HIST 1301,,0015422,,homeroom,LIBR,024901001,024901-1,,,04
001542205,,,US HIST 1301,,0015422,,scheduled,LIBR,024901001,024901-1,,,05
001542206,,,US HIST 1301,,0015422,,scheduled,LIBR,024901001,024901-1,,,06
001542207,,,US HIST 1301,,0015422,,scheduled,LIBR,024901001,024901-1,,,07
001542208,,,US HIST 1301,,0015422,,homeroom,LIBR,024901001,024901-1,,,08
001542301,,,US HIST 1302,,0015423,,scheduled,LIBR,024901001,024901-1,,,01
001542302,,,US HIST 1302,,0015423,,scheduled,LIBR,024901001,024901-1,,,02
001542303,,,US HIST 1302,,0015423,,scheduled,LIBR,024901001,024901-1,,,03
001542304,,,US HIST 1302,,0015423,,scheduled,LIBR,024901001,024901-1,,,04
001542305,,,US HIST 1302,,0015423,,scheduled,LIBR,024901001,024901-1,,,05
001542306,,,US HIST 1302,,0015423,,scheduled,LIBR,024901001,024901-1,,,06
001542307,,,US HIST 1302,,0015423,,scheduled,LIBR,024901001,024901-1,,,07
001542308,,,US HIST 1302,,0015423,,scheduled,LIBR,024901001,024901-1,,,08
001542601,,,US GOVT 2305,,0015426,,scheduled,LIBR,024901001,024901-1,,,01
001542602,,,US GOVT 2305,,0015426,,scheduled,LIBR,024901001,024901-1,,,02
001542603,,,US GOVT 2305,,0015426,,homeroom,LIBR,024901001,024901-1,,,03
001542604,,,US GOVT 2305,,0015426,,homeroom,LIBR,024901001,024901-1,,,04
001542605,,,US GOVT 2305,,0015426,,homeroom,LIBR,024901001,024901-1,,,05
001542606,,,US GOVT 2305,,0015426,,scheduled,LIBR,024901001,024901-1,,,06
001542607,,,US GOVT 2305,,0015426,,scheduled,LIBR,024901001,024901-1,,,07
001542608,,,US GOVT 2305,,0015426,,scheduled,LIBR,024901001,024901-1,,,08
001542701,,,TX GOVT 2306,,0015427,,scheduled,LIBR,024901001,024901-1,,,01
001542702,,,TX GOVT 2306,,0015427,,scheduled,LIBR,024901001,024901-1,,,02
001542703,,,TX GOVT 2306,,0015427,,scheduled,LIBR,024901001,024901-1,,,03
001542704,,,TX GOVT 2306,,0015427,,scheduled,LIBR,024901001,024901-1,,,04
001542705,,,TX GOVT 2306,,0015427,,scheduled,LIBR,024901001,024901-1,,,05
001542706,,,TX GOVT 2306,,0015427,,homeroom,LIBR,024901001,024901-1,,,06
001542707,,,TX GOVT 2306,,0015427,,scheduled,LIBR,024901001,024901-1,,,07
001542708,,,TX GOVT 2306,,0015427,,homeroom,LIBR,024901001,024901-1,,,08
001543001,,,PHIL 1301,,0015430,,scheduled,LIBR,024901001,024901-1,,,01
001543002,,,PHIL 1301,,0015430,,scheduled,LIBR,024901001,024901-1,,,02
001543003,,,PHIL 1301,,0015430,,scheduled,LIBR,024901001,024901-1,,,03
001543004,,,PHIL 1301,,0015430,,scheduled,LIBR,024901001,024901-1,,,04
001543005,,,PHIL 1301,,0015430,,scheduled,LIBR,024901001,024901-1,,,05
001543006,,,PHIL 1301,,0015430,,scheduled,LIBR,024901001,024901-1,,,06
001543007,,,PHIL 1301,,0015430,,scheduled,LIBR,024901001,024901-1,,,07
001543008,,,PHIL 1301,,0015430,,scheduled,LIBR,024901001,024901-1,,,08
001543101,,,HUMA 1301,,0015431,,scheduled,LIBR,024901001,024901-1,,,01
001543102,,,HUMA 1301,,0015431,,scheduled,LIBR,024901001,024901-1,,,02
001543103,,,HUMA 1301,,0015431,,scheduled,LIBR,024901001,024901-1,,,03
001543104,,,HUMA 1301,,0015431,,homeroom,LIBR,024901001,024901-1,,,04
001543105,,,HUMA 1301,,0015431,,scheduled,LIBR,024901001,024901-1,,,05
001543106,,,HUMA 1301,,0015431,,homeroom,LIBR,024901001,024901-1,,,06
001543107,,,HUMA 1301,,0015431,,homeroom,LIBR,024901001,024901-1,,,07
001543108,,,HUMA 1301,,0015431,,scheduled,LIBR,024901001,024901-1,,,08
001543201,,,BIOL 2306,,0015432,,scheduled,LIBR,024901001,024901-1,,,01
001543202,,,BIOL 2306,,0015432,,scheduled,LIBR,024901001,024901-1,,,02
001543203,,,BIOL 2306,,0015432,,homeroom,LIBR,024901001,024901-1,,,03
001543204,,,BIOL 2306,,0015432,,scheduled,LIBR,024901001,024901-1,,,04
001543205,,,BIOL 2306,,0015432,,scheduled,LIBR,024901001,024901-1,,,05
001543206,,,BIOL 2306,,0015432,,scheduled,LIBR,024901001,024901-1,,,06
001543207,,,BIOL 2306,,0015432,,scheduled,LIBR,024901001,024901-1,,,07
001543208,,,BIOL 2306,,0015432,,scheduled,LIBR,024901001,024901-1,,,08
001543209,,,BIOL 2306,,0015432,,scheduled,,024901001,024901-1,,,09
001543301,,,SOCI 2301,,0015433,,scheduled,LIBR,024901001,024901-1,,,01
001543302,,,SOCI 2301,,0015433,,scheduled,LIBR,024901001,024901-1,,,02
001543303,,,SOCI 2301,,0015433,,scheduled,LIBR,024901001,024901-1,,,03
001543304,,,SOCI 2301,,0015433,,scheduled,LIBR,024901001,024901-1,,,04
001543305,,,SOCI 2301,,0015433,,scheduled,LIBR,024901001,024901-1,,,05
001543306,,,SOCI 2301,,0015433,,scheduled,LIBR,024901001,024901-1,,,06
001543307,,,SOCI 2301,,0015433,,scheduled,LIBR,024901001,024901-1,,,07
001543308,,,SOCI 2301,,0015433,,scheduled,LIBR,024901001,024901-1,,,08
001543601,,,COMS 1311,,0015436,,scheduled,LIBR,024901001,024901-1,,,01
001543602,,,COMS 1311,,0015436,,homeroom,LIBR,024901001,024901-1,,,02
001543603,,,COMS 1311,,0015436,,homeroom,LIBR,024901001,024901-1,,,03
001543604,,,COMS 1311,,0015436,,scheduled,LIBR,024901001,024901-1,,,04
001543605,,,COMS 1311,,0015436,,scheduled,LIBR,024901001,024901-1,,,05
001543606,,,COMS 1311,,0015436,,scheduled,LIBR,024901001,024901-1,,,06
001543607,,,COMS 1311,,0015436,,homeroom,LIBR,024901001,024901-1,,,07
001543608,,,COMS 1311,,0015436,,scheduled,LIBR,024901001,024901-1,,,08
001543611,,,COMS 1311,,0015436,,scheduled,2216,024901001,024901-2,,,01
001543612,,,COMS 1311,,0015436,,scheduled,2216,024901001,024901-2,,,02
001543613,,,COMS 1311,,0015436,,scheduled,2216,024901001,024901-2,,,03
001543614,,,COMS 1311,,0015436,,scheduled,2216,024901001,024901-2,,,04
001543615,,,COMS 1311,,0015436,,scheduled,2216,024901001,024901-2,,,05
001543616,,,COMS 1311,,0015436,,scheduled,2216,024901001,024901-2,,,06
001543617,,,COMS 1311,,0015436,,scheduled,2216,024901001,024901-2,,,07
001543618,,,COMS 1311,,0015436,,scheduled,2216,024901001,024901-2,,,08
001543805,,,GOVT 2305,,0015438,,scheduled,LIBR,024901001,024901-2,,,05
001543809,,,GOVT 2305,,0015438,,scheduled,summ,024901001,024901-1,,,09
001550104,,,ART 1,,0015501,,homeroom,1204,024901001,024901-3,,,04
001550106,,,ART 1,,0015501,,homeroom,1204,024901001,024901-3,,,06
001550108,,,ART 1,,0015501,,homeroom,1204,024901001,024901-3,,,08
001550507,,,THEATRE ART 1,,0015505,,homeroom,1204,024901001,024901-3,,,07
001550605,,,THEATRE ART 2,,0015506,,scheduled,1204,024901001,024901-3,,,05
001550705,,,THEATRE ART 3,,0015507,,scheduled,1204,024901001,024901-3,,,05
001550902,,,BAND 1,,0015509,,scheduled,BH,024901001,024901-3,,,02
001551002,,,BAND 2,,0015510,,scheduled,BH,024901001,024901-3,,,02
001551102,,,BAND 3,,0015511,,scheduled,BH,024901001,024901-3,,,02
001551202,,,BAND 4,,0015512,,scheduled,BH,024901001,024901-3,,,02
001551301,,,MUS MARIACHI 1,,0015513,,scheduled,BH,024901001,024901-3,,,01
001551401,,,MUS MARIACHI 2,,0015514,,scheduled,BH,024901001,024901-3,,,01
001551501,,,MUS MARIACHI 3,,0015515,,scheduled,BH,024901001,024901-3,,,01
001551601,,,MUS MARIACHI 4,,0015516,,scheduled,BH,024901001,024901-3,,,01
001552001,,,ART 1301,,0015520,,scheduled,LIBR,024901001,024901-1,,,01
001552002,,,ART 1301,,0015520,,homeroom,LIBR,024901001,024901-1,,,02
001552003,,,ART 1301,,0015520,,homeroom,LIBR,024901001,024901-1,,,03
001552004,,,ART 1301,,0015520,,scheduled,LIBR,024901001,024901-1,,,04
001552005,,,ART 1301,,0015520,,scheduled,LIBR,024901001,024901-1,,,05
001552006,,,ART 1301,,0015520,,scheduled,LIBR,024901001,024901-1,,,06
001552007,,,ART 1301,,0015520,,homeroom,LIBR,024901001,024901-1,,,07
001552008,,,ART 1301,,0015520,,scheduled,LIBR,024901001,024901-1,,,08
001552011,,,ART 1301,,0015520,,scheduled,LIBR,024901001,024901-2,,,01
001552012,,,ART 1301,,0015520,,scheduled,LIBR,024901001,024901-2,,,02
001552013,,,ART 1301,,0015520,,scheduled,LIBR,024901001,024901-2,,,03
001552014,,,ART 1301,,0015520,,scheduled,LIBR,024901001,024901-2,,,04
001552015,,,ART 1301,,0015520,,scheduled,LIBR,024901001,024901-2,,,05
001552016,,,ART 1301,,0015520,,scheduled,LIBR,024901001,024901-2,,,06
001552017,,,ART 1301,,0015520,,homeroom,LIBR,024901001,024901-2,,,07
001552018,,,ART 1301,,0015520,,scheduled,LIBR,024901001,024901-2,,,08
001552101,,,ARTS 1303,,0015521,,scheduled,LIBR,024901001,024901-1,,,01
001552102,,,ARTS 1303,,0015521,,scheduled,LIBR,024901001,024901-1,,,02
001552103,,,ARTS 1303,,0015521,,scheduled,LIBR,024901001,024901-1,,,03
001552104,,,ARTS 1303,,0015521,,scheduled,LIBR,024901001,024901-1,,,04
001552105,,,ARTS 1303,,0015521,,scheduled,LIBR,024901001,024901-1,,,05
001552106,,,ARTS 1303,,0015521,,scheduled,LIBR,024901001,024901-1,,,06
001552107,,,ARTS 1303,,0015521,,homeroom,LIBR,024901001,024901-1,,,07
001552108,,,ARTS 1303,,0015521,,scheduled,LIBR,024901001,024901-1,,,08
001552111,,,ARTS 1303,,0015521,,scheduled,2216,024901001,024901-2,,,01
001552112,,,ARTS 1303,,0015521,,scheduled,2216,024901001,024901-2,,,02
001552113,,,ARTS 1303,,0015521,,scheduled,2216,024901001,024901-2,,,03
001552114,,,ARTS 1303,,0015521,,scheduled,2216,024901001,024901-2,,,04
001552115,,,ARTS 1303,,0015521,,scheduled,2216,024901001,024901-2,,,05
001552116,,,ARTS 1303,,0015521,,scheduled,2216,024901001,024901-2,,,06
001552117,,,ARTS 1303,,0015521,,scheduled,2216,024901001,024901-2,,,07
001552118,,,ARTS 1303,,0015521,,scheduled,2216,024901001,024901-2,,,08
001560006,,,ADAPTIVE PE,,0015600,,scheduled,GYM,024901001,024901-3,,,06
001560206,,,IND/TEAM SPORT,,0015602,,scheduled,GYM,024901001,024901-3,,,06
001560207,,,IND/TEAM SPORT,,0015602,,homeroom,GYM,024901001,024901-3,,,07
001560301,,,PE SUB MAR BAND,,0015603,,scheduled,BH,024901001,024901-1,,,01
001560302,,,PE SUB MAR BAND,,0015603,,scheduled,,024901001,024901-1,,,02
001560604,,,ATHLETICS 1 B,,0015606,,scheduled,,024901001,024901-3,,,04
001560704,,,ATHLETICS 2 B,,0015607,,scheduled,GYM,024901001,024901-3,,,04
001560804,,,ATHLETICS 3 B,,0015608,,scheduled,GYM,024901001,024901-3,,,04
001560904,,,ATHLETICS 4 B,,0015609,,scheduled,GYM,024901001,024901-3,,,04
001561008,,,ATHLETICS 1 G,,0015610,,scheduled,GYM,024901001,024901-3,,,08
001561108,,,ATHLETICS 2 G,,0015611,,scheduled,GYM,024901001,024901-3,,,08
001561208,,,ATHLETICS 3 G,,0015612,,scheduled,GYM,024901001,024901-3,,,08
001561308,,,ATHLETICS 4 G,,0015613,,scheduled,GYM,024901001,024901-3,,,08
001561401,,,KINE 1346,,0015614,,scheduled,LIBR,024901001,024901-1,,,01
001561402,,,KINE 1346,,0015614,,scheduled,LIBR,024901001,024901-1,,,02
001561403,,,KINE 1346,,0015614,,scheduled,LIBR,024901001,024901-1,,,03
001561404,,,KINE 1346,,0015614,,scheduled,LIBR,024901001,024901-1,,,04
001561405,,,KINE 1346,,0015614,,scheduled,LIBR,024901001,024901-1,,,05
001561406,,,KINE 1346,,0015614,,scheduled,LIBR,024901001,024901-1,,,06
001561407,,,KINE 1346,,0015614,,homeroom,LIBR,024901001,024901-1,,,07
001561408,,,KINE 1346,,0015614,,scheduled,LIBR,024901001,024901-1,,,08
001569701,,,BUSI 1301,,0015697,,scheduled,LIBR,024901001,024901-1,,,01
001569702,,,BUSI 1301,,0015697,,scheduled,LIBR,024901001,024901-1,,,02
001569703,,,BUSI 1301,,0015697,,scheduled,LIBR,024901001,024901-1,,,03
001569704,,,BUSI 1301,,0015697,,scheduled,LIBR,024901001,024901-1,,,04
001569705,,,BUSI 1301,,0015697,,scheduled,LIBR,024901001,024901-1,,,05
001569706,,,BUSI 1301,,0015697,,scheduled,LIBR,024901001,024901-1,,,06
001569707,,,BUSI 1301,,0015697,,scheduled,LIBR,024901001,024901-1,,,07
001569708,,,BUSI 1301,,0015697,,scheduled,LIBR,024901001,024901-1,,,08
001569806,,,HPRS 1201,,0015698,,scheduled,LIBR,024901001,024901-1,,,06
001569816,,,HPRS 1201,,0015698,,scheduled,2216,024901001,024901-1,,,06
001569901,,,PLAB1023,,0015699,,scheduled,LIBR,024901001,024901-2,,,01
001570001,,,ECRD 1011,,0015700,,scheduled,LIBR,024901001,024901-1,,,01
001570103,,,Health,,0015701,,scheduled,1241,024901001,024901-1,,,03
001570106,,,Health,,0015701,,scheduled,1241,024901001,024901-1,,,06
001570107,,,Health,,0015701,,homeroom,1241,024901001,024901-1,,,07
001570113,,,Health,,0015701,,scheduled,1241,024901001,024901-2,,,03
001570116,,,Health,,0015701,,scheduled,1241,024901001,024901-2,,,06
001570117,,,Health,,0015701,,homeroom,1241,024901001,024901-2,,,07
001570401,,,FLORAL DESIGN,,0015704,,homeroom,AG,024901001,024901-3,,,01
001570404,,,FLORAL DESIGN,,0015704,,homeroom,AG,024901001,024901-3,,,04
001570905,,,COLLEGE RSS,,0015709,,scheduled,2216,024901001,024901-3,,,05
001570908,,,COLLEGE RSS,,0015709,,scheduled,2216,024901001,024901-3,,,08
001571101,,,CRSS EDUC 1300,,0015711,,scheduled,LIBR,024901001,024901-1,,,01
001571102,,,CRSS EDUC 1300,,0015711,,scheduled,LIBR,024901001,024901-1,,,02
001571103,,,CRSS EDUC 1300,,0015711,,homeroom,LIBR,024901001,024901-1,,,03
001571104,,,CRSS EDUC 1300,,0015711,,scheduled,LIBR,024901001,024901-1,,,04
001571105,,,CRSS EDUC 1300,,0015711,,homeroom,LIBR,024901001,024901-1,,,05
001571106,,,CRSS EDUC 1300,,0015711,,scheduled,LIBR,024901001,024901-1,,,06
001571107,,,CRSS EDUC 1300,,0015711,,homeroom,LIBR,024901001,024901-1,,,07
001571108,,,CRSS EDUC 1300,,0015711,,scheduled,LIBR,024901001,024901-1,,,08
001571111,,,CRSS EDUC 1300,,0015711,,scheduled,LIBR,024901001,024901-2,,,01
001571112,,,CRSS EDUC 1300,,0015711,,scheduled,LIBR,024901001,024901-2,,,02
001571113,,,CRSS EDUC 1300,,0015711,,scheduled,LIBR,024901001,024901-2,,,03
001571114,,,CRSS EDUC 1300,,0015711,,scheduled,LIBR,024901001,024901-2,,,04
001571115,,,CRSS EDUC 1300,,0015711,,scheduled,LIBR,024901001,024901-2,,,05
001571116,,,CRSS EDUC 1300,,0015711,,scheduled,LIBR,024901001,024901-2,,,06
001571117,,,CRSS EDUC 1300,,0015711,,scheduled,LIBR,024901001,024901-2,,,07
001571118,,,CRSS EDUC 1300,,0015711,,scheduled,LIBR,024901001,024901-2,,,08
001571201,,,PSYCHOLOGY 2301,,0015712,,scheduled,LIBR,024901001,024901-1,,,01
001571202,,,PSYCHOLOGY 2301,,0015712,,scheduled,LIBR,024901001,024901-1,,,02
001571203,,,PSYCHOLOGY 2301,,0015712,,scheduled,LIBR,024901001,024901-1,,,03
001571204,,,PSYCHOLOGY 2301,,0015712,,scheduled,LIBR,024901001,024901-1,,,04
001571205,,,PSYCHOLOGY 2301,,0015712,,scheduled,LIBR,024901001,024901-1,,,05
001571206,,,PSYCHOLOGY 2301,,0015712,,scheduled,LIBR,024901001,024901-1,,,06
001571207,,,PSYCHOLOGY 2301,,0015712,,homeroom,LIBR,024901001,024901-1,,,07
001571208,,,PSYCHOLOGY 2301,,0015712,,scheduled,LIBR,024901001,024901-1,,,08
001571211,,,PSYCHOLOGY 2301,,0015712,,scheduled,LIBR,024901001,024901-2,,,01
001571212,,,PSYCHOLOGY 2301,,0015712,,scheduled,LIBR,024901001,024901-2,,,02
001571213,,,PSYCHOLOGY 2301,,0015712,,scheduled,LIBR,024901001,024901-2,,,03
001571214,,,PSYCHOLOGY 2301,,0015712,,scheduled,LIBR,024901001,024901-2,,,04
001571215,,,PSYCHOLOGY 2301,,0015712,,scheduled,LIBR,024901001,024901-2,,,05
001571216,,,PSYCHOLOGY 2301,,0015712,,scheduled,LIBR,024901001,024901-2,,,06
001571217,,,PSYCHOLOGY 2301,,0015712,,scheduled,LIBR,024901001,024901-2,,,07
001571218,,,PSYCHOLOGY 2301,,0015712,,scheduled,LIBR,024901001,024901-2,,,08
001571301,,,SOCIOLOGY 1301,,0015713,,scheduled,2216,024901001,024901-1,,,01
001571302,,,SOCIOLOGY 1301,,0015713,,scheduled,2216,024901001,024901-1,,,02
001571303,,,SOCIOLOGY 1301,,0015713,,scheduled,2216,024901001,024901-1,,,03
001571304,,,SOCIOLOGY 1301,,0015713,,scheduled,2216,024901001,024901-1,,,04
001571305,,,SOCIOLOGY 1301,,0015713,,scheduled,2216,024901001,024901-1,,,05
001571306,,,SOCIOLOGY 1301,,0015713,,scheduled,2216,024901001,024901-1,,,06
001571307,,,SOCIOLOGY 1301,,0015713,,scheduled,2216,024901001,024901-1,,,07
001571308,,,SOCIOLOGY 1301,,0015713,,scheduled,2216,024901001,024901-1,,,08
001572006,,,HPRS 2302,,0015720,,scheduled,LIBR,024901001,024901-2,,,06
001572016,,,HPRS 2302,,0015720,,scheduled,LIBR,024901001,024901-2,,,06
001572402,,,PRIN OF APP ENG,,0015724,,scheduled,PHS,024901001,024901-1,,,02
001573006,,,INTRO HLTH PROF,,0015730,,scheduled,LIBR,024901001,024901-1,,,06
001573016,,,INTRO HLTH PROF,,0015730,,scheduled,LIBR,024901001,024901-1,,,06
001573801,,,ROTC 3,,0015738,,scheduled,PORT,024901001,024901-3,,,01
001573802,,,ROTC 3,,0015738,,scheduled,PORT,024901001,024901-3,,,02
001573803,,,ROTC 3,,0015738,,scheduled,2216,024901001,024901-3,,,03
001573806,,,ROTC 3,,0015738,,scheduled,PORT,024901001,024901-3,,,06
001573901,,,ROTC2,,0015739,,scheduled,PORT,024901001,024901-3,,,01
001573902,,,ROTC2,,0015739,,scheduled,PORT,024901001,024901-3,,,02
001573903,,,ROTC2,,0015739,,scheduled,PORT,024901001,024901-3,,,03
001573906,,,ROTC2,,0015739,,scheduled,PORT,024901001,024901-3,,,06
001574001,,,ROTC1,,0015740,,scheduled,PORT,024901001,024901-3,,,01
001574002,,,ROTC1,,0015740,,scheduled,PORT,024901001,024901-3,,,02
001574004,,,ROTC1,,0015740,,scheduled,2216,024901001,024901-3,,,04
001574006,,,ROTC1,,0015740,,scheduled,PORT,024901001,024901-3,,,06
001574101,,,MED BIO TEC,,0015741,,scheduled,LIBR,024901001,024901-1,,,01
001574201,,,PHARMACOLOGY,,0015742,,scheduled,LIBR,024901001,024901-1,,,01
001580001,,,SPCH 1315,,0015800,,scheduled,LIBR,024901001,024901-1,,,01
001580002,,,SPCH 1315,,0015800,,scheduled,LIBR,024901001,024901-1,,,02
001580003,,,SPCH 1315,,0015800,,scheduled,LIBR,024901001,024901-1,,,03
001580004,,,SPCH 1315,,0015800,,scheduled,LIBR,024901001,024901-1,,,04
001580005,,,SPCH 1315,,0015800,,scheduled,LIBR,024901001,024901-1,,,05
001580006,,,SPCH 1315,,0015800,,scheduled,LIBR,024901001,024901-1,,,06
001580007,,,SPCH 1315,,0015800,,scheduled,LIBR,024901001,024901-1,,,07
001580008,,,SPCH 1315,,0015800,,scheduled,LIBR,024901001,024901-1,,,08
001580011,,,SPCH 1315,,0015800,,scheduled,LIBR,024901001,024901-2,,,01
001580012,,,SPCH 1315,,0015800,,scheduled,LIBR,024901001,024901-2,,,02
001580013,,,SPCH 1315,,0015800,,scheduled,LIBR,024901001,024901-2,,,03
001580014,,,SPCH 1315,,0015800,,scheduled,LIBR,024901001,024901-2,,,04
001580015,,,SPCH 1315,,0015800,,scheduled,LIBR,024901001,024901-2,,,05
001580016,,,SPCH 1315,,0015800,,scheduled,LIBR,024901001,024901-2,,,06
001580017,,,SPCH 1315,,0015800,,scheduled,LIBR,024901001,024901-2,,,07
001580018,,,SPCH 1315,,0015800,,scheduled,LIBR,024901001,024901-2,,,08
001580105,,,PRIN OF AFNR,,0015801,,homeroom,AG,024901001,024901-3,,,05
001580207,,,LIVESTOCK PROD,,0015802,,homeroom,AG,024901001,024901-3,,,07
001580308,,,VET MED APP,,0015803,,homeroom,AG,024901001,024901-3,,,08
001580407,,,ADV ANIMIAL SCI,,0015804,,homeroom,AG,024901001,024901-3,,,07
001580501,,,CERT MED ASST,,0015805,,scheduled,LIBR,024901001,024901-2,,,01
001580601,,,PATCARETECH,,0015806,,scheduled,LIBR,024901001,024901-1,,,01
001580701,,,TECA 1311,,0015807,,scheduled,PREM,024901001,024901-1,,,01
001580801,,,CDEC 1359,,0015808,,scheduled,PREM,024901001,024901-1,,,01
001580905,,,CDEC 1313,,0015809,,scheduled,PRE,024901001,024901-2,,,05
001581003,,,PRIN OF EDTR,,0015810,,scheduled,PHS,024901001,024901-3,,,03
001581004,,,PRIN OF EDTR,,0015810,,scheduled,PCHS,024901001,024901-3,,,04
001581401,,,CDEC 1356,,0015814,,scheduled,2216,024901001,024901-2,,,01
001581402,,,CDEC 1356,,0015814,,scheduled,2216,024901001,024901-2,,,02
001581403,,,CDEC 1356,,0015814,,scheduled,2216,024901001,024901-2,,,03
001581404,,,CDEC 1356,,0015814,,scheduled,2216,024901001,024901-2,,,04
001581405,,,CDEC 1356,,0015814,,scheduled,2216,024901001,024901-2,,,05
001581406,,,CDEC 1356,,0015814,,scheduled,2216,024901001,024901-2,,,06
001581407,,,CDEC 1356,,0015814,,scheduled,2216,024901001,024901-2,,,07
001581408,,,CDEC 1356,,0015814,,scheduled,2216,024901001,024901-2,,,08
001581409,,,CDEC 1356,,0015814,,scheduled,2216,024901001,024901-2,,,09
001581503,,,CHILD GUID,,0015815,,scheduled,PHS,024901001,024901-3,,,04
001581601,,,CDEC 1358,,0015816,,scheduled,2216,024901001,024901-2,,,01
001581602,,,CDEC 1358,,0015816,,scheduled,2216,024901001,024901-2,,,02
001581603,,,CDEC 1358,,0015816,,scheduled,2216,024901001,024901-2,,,03
001581604,,,CDEC 1358,,0015816,,scheduled,2216,024901001,024901-2,,,04
001581605,,,CDEC 1358,,0015816,,scheduled,2216,024901001,024901-2,,,05
001581606,,,CDEC 1358,,0015816,,scheduled,2216,024901001,024901-2,,,06
001581607,,,CDEC 1358,,0015816,,scheduled,2216,024901001,024901-2,,,07
001581608,,,CDEC 1358,,0015816,,scheduled,2216,024901001,024901-2,,,08
001581609,,,CDEC 1358,,0015816,,scheduled,2216,024901001,024901-2,,,09
001581705,,,CDEC 1321,,0015817,,scheduled,PHS,024901001,024901-1,,,05
001581901,,,VNSG 1227,,0015819,,scheduled,LIBR,024901001,024901-1,,,01
001582006,,,ENTREPRENEURSHI,,0015820,,scheduled,2205,024901001,024901-3,,,06
001582103,,,PRIN OF BMF,,0015821,,scheduled,2205,024901001,024901-3,,,03
001582107,,,PRIN OF BMF,,0015821,,homeroom,2205,024901001,024901-3,,,07
001582108,,,PRIN OF BMF,,0015821,,scheduled,2205,024901001,024901-3,,,08
001582301,,,BUSIM1,,0015823,,homeroom,2205,024901001,024901-3,,,01
001582304,,,BUSIM1,,0015823,,scheduled,2205,024901001,024901-3,,,04
001582402,,,BUS INFO MGT 2,,0015824,,scheduled,2205,024901001,024901-3,,,02
001582501,,,BCIS 1305,,0015825,,scheduled,LIBR,024901001,024901-1,,,01
001582502,,,BCIS 1305,,0015825,,homeroom,LIBR,024901001,024901-1,,,02
001582503,,,BCIS 1305,,0015825,,homeroom,LIBR,024901001,024901-1,,,03
001582504,,,BCIS 1305,,0015825,,scheduled,LIBR,024901001,024901-1,,,04
001582505,,,BCIS 1305,,0015825,,scheduled,LIBR,024901001,024901-1,,,05
001582506,,,BCIS 1305,,0015825,,scheduled,LIBR,024901001,024901-1,,,06
001582507,,,BCIS 1305,,0015825,,homeroom,LIBR,024901001,024901-1,,,07
001582508,,,BCIS 1305,,0015825,,scheduled,LIBR,024901001,024901-1,,,08
001582511,,,BCIS 1305,,0015825,,scheduled,LIBR,024901001,024901-2,,,01
001582512,,,BCIS 1305,,0015825,,scheduled,LIBR,024901001,024901-2,,,02
001582513,,,BCIS 1305,,0015825,,scheduled,LIBR,024901001,024901-2,,,03
001582514,,,BCIS 1305,,0015825,,scheduled,LIBR,024901001,024901-2,,,04
001582515,,,BCIS 1305,,0015825,,scheduled,LIBR,024901001,024901-2,,,05
001582516,,,BCIS 1305,,0015825,,scheduled,LIBR,024901001,024901-2,,,06
001582517,,,BCIS 1305,,0015825,,scheduled,LIBR,024901001,024901-2,,,07
001582518,,,BCIS 1305,,0015825,,scheduled,LIBR,024901001,024901-2,,,08
001582601,,,CAREER PREP 1,,0015826,,scheduled,,024901001,024901-3,,,01
001582602,,,CAREER PREP 1,,0015826,,scheduled,,024901001,024901-3,,,02
001582603,,,CAREER PREP 1,,0015826,,scheduled,,024901001,024901-3,,,03
001582604,,,CAREER PREP 1,,0015826,,scheduled,,024901001,024901-3,,,04
001582605,,,CAREER PREP 1,,0015826,,scheduled,,024901001,024901-3,,,05
001582606,,,CAREER PREP 1,,0015826,,homeroom,,024901001,024901-3,,,06
001582607,,,CAREER PREP 1,,0015826,,homeroom,,024901001,024901-3,,,07
001582608,,,CAREER PREP 1,,0015826,,homeroom,,024901001,024901-3,,,08
001582609,,,CAREER PREP 1,,0015826,,scheduled,LIB,024901001,024901-3,,,09
001582714,,,WLD2406 LEC/LAB,,0015827,,scheduled,AG,024901001,024901-1,,,04
001583101,,,PRIN OF MANUF,,0015831,,scheduled,AG,024901001,024901-3,,,01
001583102,,,PRIN OF MANUF,,0015831,,scheduled,AG,024901001,024901-3,,,02
001583111,,,PRIN OF MANUF,,0015831,,scheduled,AG,024901001,024901-3,,,01
001583112,,,PRIN OF MANUF,,0015831,,scheduled,AG,024901001,024901-3,,,02
001583207,,,WLD1407,,0015832,,homeroom,AG,024901001,024901-1,,,07
001583208,,,WLD1407,,0015832,,scheduled,AG,024901001,024901-1,,,07
001583209,,,WLD1407,,0015832,,scheduled,summ,024901001,024901-1,,,09
001583407,,,WLDG 1521,,0015834,,homeroom,AG,024901001,024901-2,,,07
001583607,,,WLDG 1557,,0015836,,homeroom,AG,024901001,024901-1,,,07
001583703,,,WLDG 1434,,0015837,,scheduled,AG,024901001,024901-1,,,03
001583805,,,WLDG 1435,,0015838,,homeroom,AG,024901001,024901-2,,,07
001584005,,,WLDG 2406,,0015840,,homeroom,AG,024901001,024901-1,,,05
001585003,,,ELECTRIC TECH I,,0015850,,scheduled,AG,024901001,024901-3,,,03
001585005,,,ELECTRIC TECH I,,0015850,,scheduled,AG,024901001,024901-3,,,05
001585103,,,ELECTRIC TECH 2,,0015851,,scheduled,AG,024901001,024901-3,,,03
001585105,,,ELECTRIC TECH 2,,0015851,,scheduled,AG,024901001,024901-3,,,05
001585203,,,5141,,0015852,,scheduled,AG,024901001,024901-1,,,03
001585303,,,WLD 2451,,0015853,,scheduled,AG,024901001,024901-2,,,03
001585405,,,Build Main Tech,,0015854,,scheduled,AG,024901001,024901-3,,,05
001585502,,,PRIN CONSTRUCT,,0015855,,scheduled,AG,024901001,024901-3,,,02
001585603,,,CONSTR MGT 1,,0015856,,scheduled,AG,024901001,024901-3,,,03
001585701,,,VNSG 1320,,0015857,,scheduled,LIBR,024901001,024901-2,,,01
001585801,,,VNSG 1116 Nutri,,0015858,,scheduled,FRER,024901001,024901-1,,,01
001585901,,,VNSG 1133 Gro&D,,0015859,,scheduled,FRER,024901001,024901-1,,,01
001586006,,,INTRO ENG DSGN,,0015860,,scheduled,PRMT,024901001,024901-1,,,06
001586109,,,WLDG1313,,0015861,,scheduled,summ,024901001,024901-1,,,09
001586209,,,WLDG1317,,0015862,,scheduled,summ,024901001,024901-1,,,09
001587101,,,FINANCIAL MATH,,0015871,,scheduled,2201,024901001,024901-3,,,01
001587103,,,FINANCIAL MATH,,0015871,,scheduled,2201,024901001,024901-3,,,03
001587104,,,FINANCIAL MATH,,0015871,,homeroom,2201,024901001,024901-3,,,04
001587107,,,FINANCIAL MATH,,0015871,,homeroom,2201,024901001,024901-3,,,07
001590008,,,PHYSICS,,0015900,,homeroom,1229,024901001,024901-3,,,08
001590104,,,ENGLISH 1,,0015901,,homeroom,1229,024901001,024901-3,,,04
001590204,,,ENGLISH 2,,0015902,,scheduled,1229,024901001,024901-3,,,04
001590304,,,ENGLISH 3,,0015903,,homeroom,1229,024901001,024901-3,,,04
001590403,,,ENGLISH 4,,0015904,,scheduled,1229,024901001,024901-3,,,03
001590404,,,ENGLISH 4,,0015904,,scheduled,1229,024901001,024901-3,,,04
001590405,,,ENGLISH 4,,0015904,,scheduled,1229,024901001,024901-3,,,05
001590406,,,ENGLISH 4,,0015904,,scheduled,1229,024901001,024901-3,,,06
001590503,,,ALGEBRA 1,,0015905,,homeroom,1229,024901001,024901-3,,,03
001590603,,,GEOMETRY,,0015906,,homeroom,1229,024901001,024901-3,,,03
001590808,,,BIOLOGY  1,,0015908,,homeroom,1229,024901001,024901-3,,,08
001590902,,,INT PHY&CHEM,,0015909,,scheduled,1229,024901001,024901-3,,,02
001591008,,,CHEMISTRY,,0015910,,scheduled,1229,024901001,024901-3,,,08
001591107,,,WLD GEOGRAPHY,,0015911,,homeroom,1229,024901001,024901-3,,,07
001591207,,,US HISTORY,,0015912,,homeroom,1229,024901001,024901-3,,,07
001591307,,,WLD HISTORY,,0015913,,scheduled,1229,024901001,024901-3,,,07
001591404,,,GOVERNMENT,,0015914,,scheduled,1229,024901001,024901-1,,,04
001591405,,,GOVERNMENT,,0015914,,scheduled,1229,024901001,024901-1,,,05
001591406,,,GOVERNMENT,,0015914,,scheduled,1229,024901001,024901-1,,,06
001591407,,,GOVERNMENT,,0015914,,scheduled,1229,024901001,024901-1,,,07
001591408,,,GOVERNMENT,,0015914,,scheduled,1229,024901001,024901-1,,,08
001591501,,,ECONOMICS,,0015915,,scheduled,1229,024901001,024901-2,,,01
001591502,,,ECONOMICS,,0015915,,scheduled,1229,024901001,024901-2,,,02
001591503,,,ECONOMICS,,0015915,,scheduled,1229,024901001,024901-2,,,03
001591504,,,ECONOMICS,,0015915,,scheduled,1229,024901001,024901-2,,,04
001591505,,,ECONOMICS,,0015915,,scheduled,1229,024901001,024901-2,,,05
001591506,,,ECONOMICS,,0015915,,scheduled,1229,024901001,024901-2,,,06
001591507,,,ECONOMICS,,0015915,,scheduled,1229,024901001,024901-2,,,07
001591508,,,ECONOMICS,,0015915,,scheduled,1229,024901001,024901-2,,,08
001591601,,,CAREER L SK 1,,0015916,,homeroom,1229,024901001,024901-3,,,01
001591605,,,CAREER L SK 1,,0015916,,scheduled,1229,024901001,024901-3,,,05
001591701,,,CAREER L SK 2,,0015917,,scheduled,1229,024901001,024901-3,,,01
001591705,,,CAREER L SK 2,,0015917,,scheduled,1229,024901001,024901-3,,,05
001591801,,,CAREER L SK 3,,0015918,,homeroom,1229,024901001,024901-3,,,01
001591805,,,CAREER L SK 3,,0015918,,homeroom,1229,024901001,024901-3,,,05
001593403,,,ALGEBRA 2,,0015934,,scheduled,1229,024901001,024901-3,,,03
001593405,,,ALGEBRA 2,,0015934,,scheduled,1229,024901001,024901-3,,,05
001593508,,,ASSIS TECHNOOGY,,0015935,,scheduled,1221,024901001,024901-3,,,08
001593601,,,BRAILLE PRODENG,,0015936,,scheduled,1221,024901001,024901-3,,,01
001593702,,,BRAILLE PRODSCI,,0015937,,scheduled,1221,024901001,024901-3,,,02
001900101,,,ENGLISH 1 A,,0019001,,scheduled,BUS,024901001,024901-1,,,01
001900103,,,ENGLISH 1 A,,0019001,,scheduled,BUS,024901001,024901-1,,,03
001900104,,,ENGLISH 1 A,,0019001,,scheduled,BUS,024901001,024901-1,,,04
001900105,,,ENGLISH 1 A,,0019001,,scheduled,BUS,024901001,024901-1,,,05
001900106,,,ENGLISH 1 A,,0019001,,scheduled,BUS,024901001,024901-1,,,06
001900107,,,ENGLISH 1 A,,0019001,,scheduled,BUS,024901001,024901-1,,,07
001900108,,,ENGLISH 1 A,,0019001,,scheduled,BUS,024901001,024901-1,,,08
001900109,,,ENGLISH 1 A,,0019001,,scheduled,BUS,024901001,024901-1,,,09
001900201,,,ENGLISH 2 A,,0019002,,scheduled,BUS,024901001,024901-1,,,01
001900202,,,ENGLISH 2 A,,0019002,,scheduled,BUS,024901001,024901-1,,,02
001900203,,,ENGLISH 2 A,,0019002,,scheduled,BUS,024901001,024901-1,,,03
001900204,,,ENGLISH 2 A,,0019002,,scheduled,BUS,024901001,024901-1,,,04
001900205,,,ENGLISH 2 A,,0019002,,scheduled,BUS,024901001,024901-1,,,05
001900206,,,ENGLISH 2 A,,0019002,,scheduled,BUS,024901001,024901-1,,,06
001900207,,,ENGLISH 2 A,,0019002,,scheduled,BUS,024901001,024901-1,,,07
001900208,,,ENGLISH 2 A,,0019002,,scheduled,BUS,024901001,024901-1,,,08
001900209,,,ENGLISH 2 A,,0019002,,scheduled,BUS,024901001,024901-1,,,09
001900301,,,ENGLISH 3 A,,0019003,,scheduled,BUS,024901001,024901-1,,,01
001900302,,,ENGLISH 3 A,,0019003,,scheduled,BUS,024901001,024901-1,,,02
001900303,,,ENGLISH 3 A,,0019003,,scheduled,BUS,024901001,024901-1,,,03
001900304,,,ENGLISH 3 A,,0019003,,scheduled,BUS,024901001,024901-1,,,04
001900305,,,ENGLISH 3 A,,0019003,,scheduled,BUS,024901001,024901-1,,,05
001900306,,,ENGLISH 3 A,,0019003,,scheduled,BUS,024901001,024901-1,,,06
001900307,,,ENGLISH 3 A,,0019003,,scheduled,BUS,024901001,024901-1,,,07
001900308,,,ENGLISH 3 A,,0019003,,scheduled,BUS,024901001,024901-1,,,08
001900309,,,ENGLISH 3 A,,0019003,,scheduled,BUS,024901001,024901-1,,,09
001900401,,,ENGLISH 4 A,,0019004,,scheduled,BUS,024901001,024901-1,,,01
001900402,,,ENGLISH 4 A,,0019004,,scheduled,BUS,024901001,024901-1,,,02
001900403,,,ENGLISH 4 A,,0019004,,scheduled,BUS,024901001,024901-1,,,03
001900404,,,ENGLISH 4 A,,0019004,,scheduled,BUS,024901001,024901-1,,,04
001900405,,,ENGLISH 4 A,,0019004,,scheduled,BUS,024901001,024901-1,,,05
001900406,,,ENGLISH 4 A,,0019004,,scheduled,BUS,024901001,024901-1,,,06
001900407,,,ENGLISH 4 A,,0019004,,scheduled,BUS,024901001,024901-1,,,07
001900408,,,ENGLISH 4 A,,0019004,,scheduled,BUS,024901001,024901-1,,,08
001900409,,,ENGLISH 4 A,,0019004,,scheduled,BUS,024901001,024901-1,,,09
001900501,,,ALGEBRA 1 A,,0019005,,scheduled,BUS,024901001,024901-1,,,01
001900502,,,ALGEBRA 1 A,,0019005,,scheduled,BUS,024901001,024901-1,,,02
001900503,,,ALGEBRA 1 A,,0019005,,scheduled,BUS,024901001,024901-1,,,03
001900504,,,ALGEBRA 1 A,,0019005,,scheduled,BUS,024901001,024901-1,,,04
001900505,,,ALGEBRA 1 A,,0019005,,scheduled,BUS,024901001,024901-1,,,05
001900506,,,ALGEBRA 1 A,,0019005,,scheduled,BUS,024901001,024901-1,,,06
001900507,,,ALGEBRA 1 A,,0019005,,scheduled,BUS,024901001,024901-1,,,07
001900508,,,ALGEBRA 1 A,,0019005,,scheduled,BUS,024901001,024901-1,,,08
001900509,,,ALGEBRA 1 A,,0019005,,scheduled,BUS,024901001,024901-1,,,09
001900601,,,GEOMETRY A,,0019006,,scheduled,BUS,024901001,024901-1,,,01
001900602,,,GEOMETRY A,,0019006,,scheduled,BUS,024901001,024901-1,,,02
001900603,,,GEOMETRY A,,0019006,,scheduled,BUS,024901001,024901-1,,,03
001900604,,,GEOMETRY A,,0019006,,scheduled,BUS,024901001,024901-1,,,04
001900605,,,GEOMETRY A,,0019006,,scheduled,BUS,024901001,024901-1,,,05
001900606,,,GEOMETRY A,,0019006,,scheduled,BUS,024901001,024901-1,,,06
001900607,,,GEOMETRY A,,0019006,,scheduled,BUS,024901001,024901-1,,,07
001900608,,,GEOMETRY A,,0019006,,scheduled,BUS,024901001,024901-1,,,08
001900609,,,GEOMETRY A,,0019006,,scheduled,BUS,024901001,024901-1,,,09
001900701,,,ALGEBRA 2 A,,0019007,,scheduled,BUS,024901001,024901-1,,,01
001900702,,,ALGEBRA 2 A,,0019007,,scheduled,BUS,024901001,024901-1,,,02
001900703,,,ALGEBRA 2 A,,0019007,,scheduled,BUS,024901001,024901-1,,,03
001900704,,,ALGEBRA 2 A,,0019007,,scheduled,BUS,024901001,024901-1,,,04
001900705,,,ALGEBRA 2 A,,0019007,,scheduled,BUS,024901001,024901-1,,,05
001900706,,,ALGEBRA 2 A,,0019007,,scheduled,BUS,024901001,024901-2,,,06
001900707,,,ALGEBRA 2 A,,0019007,,scheduled,BUS,024901001,024901-1,,,07
001900708,,,ALGEBRA 2 A,,0019007,,scheduled,BUS,024901001,024901-1,,,08
001900801,,,MMA A,,0019008,,scheduled,BUS,024901001,024901-1,,,01
001900802,,,MMA A,,0019008,,scheduled,BUS,024901001,024901-1,,,02
001900803,,,MMA A,,0019008,,scheduled,BUS,024901001,024901-1,,,03
001900804,,,MMA A,,0019008,,scheduled,BUS,024901001,024901-1,,,04
001900805,,,MMA A,,0019008,,scheduled,BUS,024901001,024901-1,,,05
001900806,,,MMA A,,0019008,,scheduled,BUS,024901001,024901-1,,,06
001900807,,,MMA A,,0019008,,scheduled,BUS,024901001,024901-1,,,07
001900808,,,MMA A,,0019008,,scheduled,BUS,024901001,024901-1,,,08
001900809,,,MMA A,,0019008,,scheduled,BUS,024901001,024901-1,,,09
001900901,,,IPC A,,0019009,,scheduled,BUS,024901001,024901-1,,,01
001900902,,,IPC A,,0019009,,scheduled,BUS,024901001,024901-1,,,02
001900903,,,IPC A,,0019009,,scheduled,BUS,024901001,024901-1,,,03
001900904,,,IPC A,,0019009,,scheduled,BUS,024901001,024901-1,,,04
001900905,,,IPC A,,0019009,,scheduled,BUS,024901001,024901-1,,,05
001900906,,,IPC A,,0019009,,scheduled,BUS,024901001,024901-1,,,06
001900907,,,IPC A,,0019009,,scheduled,BUS,024901001,024901-1,,,07
001900908,,,IPC A,,0019009,,scheduled,BUS,024901001,024901-1,,,08
001900909,,,IPC A,,0019009,,scheduled,BUS,024901001,024901-1,,,09
001901001,,,BIOLOGY A,,0019010,,scheduled,BUS,024901001,024901-1,,,01
001901002,,,BIOLOGY A,,0019010,,scheduled,BUS,024901001,024901-1,,,02
001901003,,,BIOLOGY A,,0019010,,scheduled,BUS,024901001,024901-1,,,03
001901004,,,BIOLOGY A,,0019010,,scheduled,BUS,024901001,024901-1,,,04
001901005,,,BIOLOGY A,,0019010,,scheduled,BUS,024901001,024901-1,,,05
001901006,,,BIOLOGY A,,0019010,,scheduled,BUS,024901001,024901-1,,,06
001901007,,,BIOLOGY A,,0019010,,scheduled,BUS,024901001,024901-1,,,07
001901008,,,BIOLOGY A,,0019010,,scheduled,BUS,024901001,024901-1,,,08
001901009,,,BIOLOGY A,,0019010,,scheduled,BUS,024901001,024901-1,,,09
001901101,,,WORLD GEO A,,0019011,,scheduled,BUS,024901001,024901-1,,,01
001901102,,,WORLD GEO A,,0019011,,scheduled,BUS,024901001,024901-1,,,02
001901103,,,WORLD GEO A,,0019011,,scheduled,BUS,024901001,024901-1,,,03
001901104,,,WORLD GEO A,,0019011,,scheduled,BUS,024901001,024901-1,,,04
001901105,,,WORLD GEO A,,0019011,,scheduled,BUS,024901001,024901-1,,,05
001901106,,,WORLD GEO A,,0019011,,scheduled,BUS,024901001,024901-1,,,06
001901107,,,WORLD GEO A,,0019011,,scheduled,BUS,024901001,024901-1,,,07
001901108,,,WORLD GEO A,,0019011,,scheduled,BUS,024901001,024901-1,,,08
001901109,,,WORLD GEO A,,0019011,,scheduled,BUS,024901001,024901-1,,,09
001901201,,,WORLD HISTORY A,,0019012,,scheduled,BUS,024901001,024901-1,,,01
001901202,,,WORLD HISTORY A,,0019012,,scheduled,BUS,024901001,024901-1,,,02
001901203,,,WORLD HISTORY A,,0019012,,scheduled,BUS,024901001,024901-1,,,03
001901204,,,WORLD HISTORY A,,0019012,,scheduled,BUS,024901001,024901-1,,,04
001901205,,,WORLD HISTORY A,,0019012,,scheduled,BUS,024901001,024901-1,,,05
001901206,,,WORLD HISTORY A,,0019012,,scheduled,BUS,024901001,024901-1,,,06
001901207,,,WORLD HISTORY A,,0019012,,scheduled,BUS,024901001,024901-1,,,07
001901208,,,WORLD HISTORY A,,0019012,,scheduled,BUS,024901001,024901-1,,,08
001901209,,,WORLD HISTORY A,,0019012,,scheduled,BUS,024901001,024901-1,,,09
001901301,,,US HISTORY A,,0019013,,scheduled,BUS,024901001,024901-1,,,01
001901302,,,US HISTORY A,,0019013,,scheduled,BUS,024901001,024901-1,,,02
001901303,,,US HISTORY A,,0019013,,scheduled,BUS,024901001,024901-1,,,03
001901304,,,US HISTORY A,,0019013,,scheduled,BUS,024901001,024901-1,,,04
001901305,,,US HISTORY A,,0019013,,scheduled,BUS,024901001,024901-1,,,05
001901306,,,US HISTORY A,,0019013,,scheduled,BUS,024901001,024901-1,,,06
001901307,,,US HISTORY A,,0019013,,scheduled,BUS,024901001,024901-1,,,07
001901308,,,US HISTORY A,,0019013,,scheduled,BUS,024901001,024901-1,,,08
001901309,,,US HISTORY A,,0019013,,scheduled,BUS,024901001,024901-1,,,09
001901401,,,GOVERNMENT A,,0019014,,scheduled,BUS,024901001,024901-1,,,01
001901402,,,GOVERNMENT A,,0019014,,scheduled,BUS,024901001,024901-1,,,02
001901403,,,GOVERNMENT A,,0019014,,scheduled,BUS,024901001,024901-1,,,03
001901404,,,GOVERNMENT A,,0019014,,scheduled,BUS,024901001,024901-1,,,04
001901405,,,GOVERNMENT A,,0019014,,scheduled,BUS,024901001,024901-1,,,05
001901406,,,GOVERNMENT A,,0019014,,scheduled,BUS,024901001,024901-1,,,06
001901407,,,GOVERNMENT A,,0019014,,scheduled,BUS,024901001,024901-1,,,07
001901408,,,GOVERNMENT A,,0019014,,scheduled,BUS,024901001,024901-1,,,08
001901409,,,GOVERNMENT A,,0019014,,scheduled,BUS,024901001,024901-1,,,09
001901501,,,ECONOMICS A,,0019015,,scheduled,BUS,024901001,024901-1,,,01
001901502,,,ECONOMICS A,,0019015,,scheduled,BUS,024901001,024901-1,,,02
001901503,,,ECONOMICS A,,0019015,,scheduled,BUS,024901001,024901-1,,,03
001901504,,,ECONOMICS A,,0019015,,scheduled,BUS,024901001,024901-1,,,04
001901505,,,ECONOMICS A,,0019015,,scheduled,BUS,024901001,024901-1,,,05
001901506,,,ECONOMICS A,,0019015,,scheduled,BUS,024901001,024901-1,,,06
001901507,,,ECONOMICS A,,0019015,,scheduled,BUS,024901001,024901-1,,,07
001901508,,,ECONOMICS A,,0019015,,scheduled,BUS,024901001,024901-1,,,08
001901509,,,ECONOMICS A,,0019015,,scheduled,BUS,024901001,024901-1,,,09
001901518,,,ECONOMICS A,,0019015,,scheduled,,024901001,024901-2,,,08
001901609,,,HEALTH A,,0019016,,scheduled,,024901001,024901-1,,,09
001901701,,,CHEMISTRY A,,0019017,,scheduled,BUS,024901001,024901-1,,,01
001901702,,,CHEMISTRY A,,0019017,,scheduled,BUS,024901001,024901-1,,,02
001901703,,,CHEMISTRY A,,0019017,,scheduled,BUS,024901001,024901-1,,,03
001901704,,,CHEMISTRY A,,0019017,,scheduled,BUS,024901001,024901-1,,,04
001901705,,,CHEMISTRY A,,0019017,,scheduled,BUS,024901001,024901-1,,,05
001901706,,,CHEMISTRY A,,0019017,,scheduled,BUS,024901001,024901-1,,,06
001901707,,,CHEMISTRY A,,0019017,,scheduled,BUS,024901001,024901-1,,,07
001901708,,,CHEMISTRY A,,0019017,,scheduled,BUS,024901001,024901-1,,,08
001901709,,,CHEMISTRY A,,0019017,,scheduled,BUS,024901001,024901-1,,,09
001901802,,,EARTH SCIENCE A,,0019018,,scheduled,,024901001,024901-1,,,02
001901809,,,EARTH SCIENCE A,,0019018,,scheduled,,024901001,024901-1,,,09
001901901,,,ART 1 A,,0019019,,scheduled,,024901001,024901-1,,,01
001901909,,,ART 1 A,,0019019,,scheduled,,024901001,024901-1,,,09
001902001,,,BUS INF MGT 1,,0019020,,scheduled,BUS,024901001,024901-1,,,01
001902002,,,BUS INF MGT 1,,0019020,,scheduled,BUS,024901001,024901-1,,,02
001902003,,,BUS INF MGT 1,,0019020,,scheduled,BUS,024901001,024901-1,,,03
001902004,,,BUS INF MGT 1,,0019020,,scheduled,BUS,024901001,024901-1,,,04
001902005,,,BUS INF MGT 1,,0019020,,scheduled,BUS,024901001,024901-1,,,05
001902006,,,BUS INF MGT 1,,0019020,,scheduled,BUS,024901001,024901-1,,,06
001902007,,,BUS INF MGT 1,,0019020,,scheduled,BUS,024901001,024901-1,,,07
001902008,,,BUS INF MGT 1,,0019020,,scheduled,BUS,024901001,024901-1,,,08
001902009,,,BUS INF MGT 1,,0019020,,scheduled,BUS,024901001,024901-1,,,09
001902101,,,PHYSICS A,,0019021,,scheduled,BUS,024901001,024901-1,,,01
001902102,,,PHYSICS A,,0019021,,scheduled,BUS,024901001,024901-1,,,02
001902103,,,PHYSICS A,,0019021,,scheduled,BUS,024901001,024901-1,,,03
001902104,,,PHYSICS A,,0019021,,scheduled,BUS,024901001,024901-1,,,04
001902105,,,PHYSICS A,,0019021,,scheduled,BUS,024901001,024901-1,,,05
001902106,,,PHYSICS A,,0019021,,scheduled,BUS,024901001,024901-1,,,06
001902107,,,PHYSICS A,,0019021,,scheduled,BUS,024901001,024901-1,,,07
001902108,,,PHYSICS A,,0019021,,scheduled,BUS,024901001,024901-1,,,08
001902109,,,PHYSICS A,,0019021,,scheduled,BUS,024901001,024901-1,,,09
001902209,,,SOCIOLOGY A,,0019022,,scheduled,,024901001,024901-1,,,09
001902401,,,SPANISH 1 A,,0019024,,scheduled,BUS,024901001,024901-1,,,01
001902402,,,SPANISH 1 A,,0019024,,scheduled,BUS,024901001,024901-1,,,02
001902403,,,SPANISH 1 A,,0019024,,scheduled,BUS,024901001,024901-1,,,03
001902404,,,SPANISH 1 A,,0019024,,scheduled,BUS,024901001,024901-1,,,04
001902405,,,SPANISH 1 A,,0019024,,scheduled,BUS,024901001,024901-1,,,05
001902406,,,SPANISH 1 A,,0019024,,scheduled,BUS,024901001,024901-1,,,06
001902407,,,SPANISH 1 A,,0019024,,scheduled,BUS,024901001,024901-1,,,07
001902408,,,SPANISH 1 A,,0019024,,scheduled,BUS,024901001,024901-1,,,08
001902409,,,SPANISH 1 A,,0019024,,scheduled,BUS,024901001,024901-1,,,09
001902501,,,SPANISH II A,,0019025,,scheduled,BUS,024901001,024901-1,,,01
001902502,,,SPANISH II A,,0019025,,scheduled,BUS,024901001,024901-1,,,02
001902503,,,SPANISH II A,,0019025,,scheduled,BUS,024901001,024901-1,,,03
001902504,,,SPANISH II A,,0019025,,scheduled,BUS,024901001,024901-1,,,04
001902505,,,SPANISH II A,,0019025,,scheduled,BUS,024901001,024901-1,,,05
001902506,,,SPANISH II A,,0019025,,scheduled,BUS,024901001,024901-1,,,06
001902507,,,SPANISH II A,,0019025,,scheduled,BUS,024901001,024901-1,,,07
001902508,,,SPANISH II A,,0019025,,scheduled,b,024901001,024901-1,,,08
001902509,,,SPANISH II A,,0019025,,scheduled,BUS,024901001,024901-1,,,09
001902601,,,IND. SPORTS,,0019026,,scheduled,BUS,024901001,024901-1,,,02
001902602,,,IND. SPORTS,,0019026,,scheduled,BUS,024901001,024901-1,,,02
001902603,,,IND. SPORTS,,0019026,,scheduled,BUS,024901001,024901-1,,,03
001902604,,,IND. SPORTS,,0019026,,scheduled,BUS,024901001,024901-1,,,04
001902605,,,IND. SPORTS,,0019026,,scheduled,BUS,024901001,024901-1,,,05
001902606,,,IND. SPORTS,,0019026,,scheduled,BUS,024901001,024901-1,,,06
001902607,,,IND. SPORTS,,0019026,,scheduled,BUS,024901001,024901-1,,,07
001902608,,,IND. SPORTS,,0019026,,scheduled,BUS,024901001,024901-1,,,08
001902609,,,IND. SPORTS,,0019026,,scheduled,BUS,024901001,024901-1,,,09
001910101,,,ENGLISH 1 B,,0019101,,scheduled,BUS,024901001,024901-2,,,01
001910102,,,ENGLISH 1 B,,0019101,,scheduled,BUS,024901001,024901-2,,,02
001910103,,,ENGLISH 1 B,,0019101,,scheduled,BUS,024901001,024901-2,,,03
001910104,,,ENGLISH 1 B,,0019101,,scheduled,BUS,024901001,024901-2,,,04
001910105,,,ENGLISH 1 B,,0019101,,scheduled,BUS,024901001,024901-2,,,05
001910106,,,ENGLISH 1 B,,0019101,,scheduled,BUS,024901001,024901-2,,,06
001910107,,,ENGLISH 1 B,,0019101,,scheduled,BUS,024901001,024901-2,,,07
001910108,,,ENGLISH 1 B,,0019101,,scheduled,BUS,024901001,024901-2,,,08
001910109,,,ENGLISH 1 B,,0019101,,scheduled,BUS,024901001,024901-2,,,09
001910201,,,ENGLISH 2 B,,0019102,,scheduled,BUS,024901001,024901-2,,,01
001910209,,,ENGLISH 2 B,,0019102,,scheduled,,024901001,024901-2,,,09
001910303,,,ENGLISH 3 B,,0019103,,scheduled,,024901001,024901-2,,,03
001910304,,,ENGLISH 3 B,,0019103,,scheduled,,024901001,024901-2,,,04
001910309,,,ENGLISH 3 B,,0019103,,scheduled,,024901001,024901-2,,,09
001910406,,,ENGLISH 4 B,,0019104,,scheduled,,024901001,024901-2,,,08
001910409,,,ENGLISH 4 B,,0019104,,scheduled,,024901001,024901-2,,,09
001910505,,,ALGEBRA 1 B,,0019105,,scheduled,,024901001,024901-2,,,05
001910509,,,ALGEBRA 1 B,,0019105,,scheduled,,024901001,024901-2,,,09
001910606,,,GEOMETRY B,,0019106,,scheduled,,024901001,024901-2,,,06
001910609,,,GEOMETRY B,,0019106,,scheduled,,024901001,024901-2,,,09
001910616,,,GEOMETRY B,,0019106,,scheduled,,024901001,024901-2,,,06
001910705,,,ALGEBRA 2 B,,0019107,,scheduled,,024901001,024901-2,,,05
001910709,,,ALGEBRA 2 B,,0019107,,scheduled,,024901001,024901-2,,,09
001910802,,,MMA B,,0019108,,scheduled,,024901001,024901-2,,,02
001910808,,,MMA B,,0019108,,scheduled,,024901001,024901-2,,,08
001911001,,,BIOLOGY B,,0019110,,scheduled,,024901001,024901-2,,,01
001911109,,,WORLD GEO B,,0019111,,scheduled,,024901001,024901-1,,,09
001911119,,,WORLD GEO B,,0019111,,scheduled,,024901001,024901-2,,,09
001911202,,,WORLD HIST B,,0019112,,scheduled,BUS,024901001,024901-1,,,02
001911208,,,WORLD HIST B,,0019112,,scheduled,2212,024901001,024901-2,,,08
001911308,,,US HISTORY B,,0019113,,scheduled,,024901001,024901-2,,,08
001911404,,,PHYSICS B,,0019114,,scheduled,,024901001,024901-2,,,04
001911701,,,CHEMISTY B,,0019117,,scheduled,,024901001,024901-2,,,01
001911709,,,CHEMISTY B,,0019117,,scheduled,,024901001,024901-2,,,09
001911901,,,ART 1 B,,0019119,,scheduled,,024901001,024901-2,,,01
001911909,,,ART 1 B,,0019119,,scheduled,,024901001,024901-2,,,09
001912209,,,SOCIOLOGY B,,0019122,,scheduled,,024901001,024901-2,,,09
001912403,,,SPANISH 1 B,,0019124,,scheduled,,024901001,024901-2,,,03
001912506,,,SPANISH 2 B,,0019125,,scheduled,,024901001,024901-2,,,06
001912601,,,INDV SPORTS B,,0019126,,scheduled,,024901001,024901-2,,,01
001912602,,,INDV SPORTS B,,0019126,,scheduled,,024901001,024901-2,,,02
001912603,,,INDV SPORTS B,,0019126,,scheduled,,024901001,024901-2,,,03
001912604,,,INDV SPORTS B,,0019126,,scheduled,,024901001,024901-2,,,04
001912605,,,INDV SPORTS B,,0019126,,scheduled,,024901001,024901-2,,,05
001912606,,,INDV SPORTS B,,0019126,,scheduled,,024901001,024901-2,,,06
001912607,,,INDV SPORTS B,,0019126,,scheduled,,024901001,024901-2,,,07
001912608,,,INDV SPORTS B,,0019126,,scheduled,,024901001,024901-2,,,08
001912609,,,INDV SPORTS B,,0019126,,scheduled,,024901001,024901-2,,,09
001912701,,,TEAM SPORTS B,,0019127,,scheduled,2216,024901001,024901-2,,,01
001912702,,,TEAM SPORTS B,,0019127,,scheduled,2216,024901001,024901-2,,,02
001912703,,,TEAM SPORTS B,,0019127,,scheduled,2216,024901001,024901-2,,,03
001912704,,,TEAM SPORTS B,,0019127,,scheduled,2216,024901001,024901-2,,,04
001912705,,,TEAM SPORTS B,,0019127,,scheduled,2216,024901001,024901-2,,,05
001912706,,,TEAM SPORTS B,,0019127,,scheduled,,024901001,024901-2,,,06
001912707,,,TEAM SPORTS B,,0019127,,scheduled,2216,024901001,024901-2,,,07
001915001,,,SWIS,,0019150,,homeroom,1226,024901001,024901-3,,,01
001915002,,,SWIS,,0019150,,homeroom,1226,024901001,024901-3,,,02
001915003,,,SWIS,,0019150,,homeroom,1226,024901001,024901-3,,,03
001915004,,,SWIS,,0019150,,homeroom,1226,024901001,024901-3,,,04
001915005,,,SWIS,,0019150,,homeroom,1226,024901001,024901-3,,,05
001915006,,,SWIS,,0019150,,homeroom,1226,024901001,024901-3,,,06
001915007,,,SWIS,,0019150,,homeroom,1226,024901001,024901-3,,,07
001915008,,,SWIS,,0019150,,homeroom,1226,024901001,024901-3,,,08
001915011,,,SWIS,,0019150,,scheduled,1226,024901001,024901-3,,,01
001915012,,,SWIS,,0019150,,scheduled,1226,024901001,024901-3,,,02
001915013,,,SWIS,,0019150,,scheduled,1226,024901001,024901-3,,,03
001915014,,,SWIS,,0019150,,scheduled,1226,024901001,024901-3,,,04
001915015,,,SWIS,,0019150,,homeroom,1226,024901001,024901-3,,,05
001915016,,,SWIS,,0019150,,scheduled,1226,024901001,024901-3,,,06
001915017,,,SWIS,,0019150,,scheduled,1226,024901001,024901-3,,,07
001915018,,,SWIS,,0019150,,scheduled,1226,024901001,024901-3,,,08
001999901,,,SEE COUNSELOR,,0019999,,scheduled,COUN,024901001,024901-3,,,01
001999902,,,SEE COUNSELOR,,0019999,,scheduled,CSLR,024901001,024901-3,,,02
001999903,,,SEE COUNSELOR,,0019999,,scheduled,CSLR,024901001,024901-3,,,03
001999904,,,SEE COUNSELOR,,0019999,,scheduled,CSLR,024901001,024901-3,,,04
001999905,,,SEE COUNSELOR,,0019999,,scheduled,CSLR,024901001,024901-3,,,05
001999906,,,SEE COUNSELOR,,0019999,,scheduled,CSLR,024901001,024901-3,,,06
001999907,,,SEE COUNSELOR,,0019999,,scheduled,CSLR,024901001,024901-3,,,07
001999908,,,SEE COUNSELOR,,0019999,,scheduled,CSLR,024901001,024901-3,,,08
001999909,,,SEE COUNSELOR,,0019999,,scheduled,OFFI,024901001,024901-3,,,09
001999914,,,SEE COUNSELOR,,0019999,,scheduled,CSLR,024901001,024901-3,,,04
001999916,,,SEE COUNSELOR,,0019999,,scheduled,CSLR,024901001,024901-3,,,06
001999926,,,SEE COUNSELOR,,0019999,,scheduled,,024901001,024901-3,,,06
001999936,,,SEE COUNSELOR,,0019999,,scheduled,,024901001,024901-3,,,06
041450103,,,KEYBOARDING,,0414501,,scheduled,120,024901041,024901-3,,,03
041450107,,,KEYBOARDING,,0414501,,scheduled,120,024901041,024901-3,,,07
041450108,,,KEYBOARDING,,0414501,,homeroom,120,024901041,024901-3,,,08
041450114,,,KEYBOARDING,,0414501,,scheduled,120,024901041,024901-3,,,04
041460905,,,INTERV/ENRICH 6,,0414609,,scheduled,113,024901041,024901-3,,,05
041460915,,,INTERV/ENRICH 6,,0414609,,scheduled,124,024901041,024901-3,,,05
041460925,,,INTERV/ENRICH 6,,0414609,,homeroom,112,024901041,024901-3,,,05
041460935,,,INTERV/ENRICH 6,,0414609,,scheduled,124,024901041,024901-3,,,05
041460945,,,INTERV/ENRICH 6,,0414609,,scheduled,BH,024901041,024901-3,,,05
041461003,,,ELA/RDG 6,,0414610,,homeroom,113,024901041,024901-3,,,03
041461005,,,ELA/RDG 6,,0414610,,scheduled,113,024901041,024901-3,,,05
041461006,,,ELA/RDG 6,,0414610,,homeroom,113,024901041,024901-3,,,06
041461008,,,ELA/RDG 6,,0414610,,homeroom,113,024901041,024901-3,,,08
041461202,,,ELA/RDG HONOR 6,,0414612,,scheduled,113,024901041,024901-3,,,02
041461307,,,READING DYS 6,,0414613,,scheduled,143,024901041,024901-3,,,07
041461904,,,RDG INV-6,,0414619,,homeroom,113,024901041,024901-3,,,04
041461907,,,RDG INV-6,,0414619,,homeroom,113,024901041,024901-3,,,07
041461917,,,RDG INV-6,,0414619,,scheduled,114,024901041,024901-3,,,07
041462001,,,MATH 6,,0414620,,scheduled,128,024901041,024901-3,,,01
041462003,,,MATH 6,,0414620,,scheduled,128,024901041,024901-3,,,03
041462005,,,MATH 6,,0414620,,scheduled,128,024901041,024901-3,,,05
041462006,,,MATH 6,,0414620,,scheduled,128,024901041,024901-3,,,06
041462208,,,MATH HONORS 6,,0414622,,homeroom,128,024901041,024901-3,,,08
041462302,,,MATH -6 INTERV,,0414623,,scheduled,128,024901041,024901-3,,,02
041462304,,,MATH -6 INTERV,,0414623,,scheduled,128,024901041,024901-3,,,04
041463003,,,SCIENCE 6,,0414630,,scheduled,124,024901041,024901-3,,,03
041463004,,,SCIENCE 6,,0414630,,scheduled,124,024901041,024901-3,,,04
041463007,,,SCIENCE 6,,0414630,,scheduled,124,024901041,024901-3,,,07
041463008,,,SCIENCE 6,,0414630,,scheduled,124,024901041,024901-3,,,08
041463101,,,SCI LAB 6,,0414631,,scheduled,124,024901041,024901-3,,,01
041463205,,,SC HONORS 6,,0414632,,scheduled,124,024901041,024901-3,,,05
041464001,,,WORLD HISTORY 6,,0414640,,scheduled,112,024901041,024901-3,,,01
041464004,,,WORLD HISTORY 6,,0414640,,scheduled,112,024901041,024901-3,,,04
041464005,,,WORLD HISTORY 6,,0414640,,homeroom,112,024901041,024901-3,,,05
041464006,,,WORLD HISTORY 6,,0414640,,scheduled,112,024901041,024901-3,,,06
041464008,,,WORLD HISTORY 6,,0414640,,homeroom,112,024901041,024901-3,,,08
041464207,,,WH HONORS-6,,0414642,,homeroom,112,024901041,024901-3,,,07
041464906,,,P.E. 6,,0414649,,scheduled,GYM,024901041,024901-3,,,06
041465004,,,P.E. 6,,0414650,,scheduled,GYM,024901041,024901-3,,,04
041465008,,,P.E. 6,,0414650,,homeroom,GYM,024901041,024901-3,,,08
041465203,,,BEG CLARINETS,,0414652,,scheduled,BH,024901041,024901-3,,,03
041465305,,,BEG FLUTES,,0414653,,scheduled,BH,024901041,024901-3,,,05
041465406,,,BEG LOW BRASS,,0414654,,scheduled,BH,024901041,024901-3,,,06
041465504,,,BEG PERCUSSION,,0414655,,scheduled,BH,024901041,024901-3,,,04
041465605,,,BEG SAX/TRUMP,,0414656,,scheduled,BH,024901041,024901-3,,,05
041466501,,,CAREER EXPLORAT,,0414665,,homeroom,147,024901041,024901-3,,,01
041466506,,,CAREER EXPLORAT,,0414665,,homeroom,147,024901041,024901-3,,,06
041467002,,,COLLEGE & CR 6,,0414670,,homeroom,112,024901041,024901-3,,,02
041467004,,,COLLEGE & CR 6,,0414670,,homeroom,182,024901041,024901-3,,,04
041468501,,,INTRO ROB,,0414685,,scheduled,148,024901041,024901-3,,,01
041468502,,,INTRO ROB,,0414685,,homeroom,148,024901041,024901-3,,,02
041468506,,,INTRO ROB,,0414685,,scheduled,148,024901041,024901-3,,,06
041468507,,,INTRO ROB,,0414685,,homeroom,148,024901041,024901-3,,,07
041468508,,,INTRO ROB,,0414685,,homeroom,148,024901041,024901-3,,,08
041469102,,,TECH APPL,,0414691,,scheduled,147,024901041,024901-3,,,02
041469103,,,TECH APPL,,0414691,,scheduled,147,024901041,024901-3,,,03
041469105,,,TECH APPL,,0414691,,scheduled,147,024901041,024901-3,,,05
041469107,,,TECH APPL,,0414691,,scheduled,147,024901041,024901-3,,,07
041469108,,,TECH APPL,,0414691,,homeroom,147,024901041,024901-3,,,08
041470905,,,INTERV/ENRICH 7,,0414709,,homeroom,115,024901041,024901-3,,,05
041470915,,,INTERV/ENRICH 7,,0414709,,scheduled,116,024901041,024901-3,,,05
041470925,,,INTERV/ENRICH 7,,0414709,,scheduled,114,024901041,024901-3,,,05
041470935,,,INTERV/ENRICH 7,,0414709,,scheduled,123,024901041,024901-3,,,05
041470945,,,INTERV/ENRICH 7,,0414709,,scheduled,117,024901041,024901-3,,,05
041471003,,,ELA/RDG 7,,0414710,,homeroom,115,024901041,024901-3,,,03
041471005,,,ELA/RDG 7,,0414710,,homeroom,115,024901041,024901-3,,,05
041471006,,,ELA/RDG 7,,0414710,,homeroom,115,024901041,024901-3,,,06
041471007,,,ELA/RDG 7,,0414710,,homeroom,115,024901041,024901-3,,,07
041471202,,,ELA/RDG HONOR 7,,0414712,,scheduled,115,024901041,024901-3,,,02
041471308,,,READING DYS 7,,0414713,,homeroom,143,024901041,024901-3,,,08
041471904,,,RDG INV-7,,0414719,,homeroom,115,024901041,024901-3,,,04
041471908,,,RDG INV-7,,0414719,,homeroom,115,024901041,024901-3,,,08
041472001,,,MATH 7,,0414720,,scheduled,116,024901041,024901-3,,,01
041472004,,,MATH 7,,0414720,,scheduled,117,024901041,024901-3,,,04
041472006,,,MATH 7,,0414720,,scheduled,117,024901041,024901-3,,,06
041472008,,,MATH 7,,0414720,,homeroom,117,024901041,024901-3,,,08
041472205,,,MATH HONORS 7,,0414722,,scheduled,116,024901041,024901-3,,,05
041472302,,,MATH -7 INTERV,,0414723,,scheduled,116,024901041,024901-3,,,02
041472303,,,MATH -7 INTERV,,0414723,,scheduled,116,024901041,024901-3,,,03
041472313,,,MATH -7 INTERV,,0414723,,homeroom,117,024901041,024901-3,,,03
041473001,,,SCIENCE 7,,0414730,,scheduled,123,024901041,024901-3,,,01
041473005,,,SCIENCE 7,,0414730,,scheduled,123,024901041,024901-3,,,05
041473006,,,SCIENCE 7,,0414730,,scheduled,123,024901041,024901-3,,,06
041473007,,,SCIENCE 7,,0414730,,scheduled,123,024901041,024901-3,,,07
041473203,,,SCI HONORS 7,,0414732,,scheduled,123,024901041,024901-3,,,03
041474001,,,TEXAS HISTORY 7,,0414740,,scheduled,114,024901041,024901-3,,,01
041474002,,,TEXAS HISTORY 7,,0414740,,scheduled,114,024901041,024901-3,,,02
041474004,,,TEXAS HISTORY 7,,0414740,,scheduled,114,024901041,024901-3,,,04
041474005,,,TEXAS HISTORY 7,,0414740,,scheduled,114,024901041,024901-3,,,05
041474008,,,TEXAS HISTORY 7,,0414740,,homeroom,114,024901041,024901-3,,,08
041474206,,,TX HIST HONOR 7,,0414742,,scheduled,114,024901041,024901-3,,,06
041474903,,,P. E. 7,,0414749,,scheduled,GYM,024901041,024901-3,,,03
041474908,,,P. E. 7,,0414749,,homeroom,GYM,024901041,024901-3,,,08
041475007,,,P.E. 7,,0414750,,scheduled,GYM,024901041,024901-3,,,07
041475008,,,P.E. 7,,0414750,,homeroom,GYM,024901041,024901-3,,,08
041475101,,,ATH-BOYS-7,,0414751,,scheduled,GYM,024901041,024901-3,,,01
041475202,,,ATH-GIRLS-7,,0414752,,scheduled,GYM,024901041,024901-3,,,02
041475403,,,BAND - 7,,0414754,,scheduled,BH,024901041,024901-3,,,03
041475607,,,SYMPHONIC BAND7,,0414756,,scheduled,BH,024901041,024901-3,,,07
041475706,,,MARIACHI 7,,0414757,,scheduled,BH,024901041,024901-3,,,06
041478505,,,ROB 1,,0414785,,scheduled,148,024901041,024901-3,,,05
041480905,,,INTERV/ENRICH 8,,0414809,,scheduled,179,024901041,024901-3,,,05
041480935,,,INTERV/ENRICH 8,,0414809,,scheduled,180,024901041,024901-3,,,05
041480945,,,INTERV/ENRICH 8,,0414809,,scheduled,182,024901041,024901-3,,,05
041480955,,,INTERV/ENRICH 8,,0414809,,scheduled,122,024901041,024901-3,,,05
041480975,,,INTERV/ENRICH 8,,0414809,,scheduled,148,024901041,024901-3,,,05
041480985,,,INTERV/ENRICH 8,,0414809,,scheduled,147,024901041,024901-3,,,05
041480995,,,INTERV/ENRICH 8,,0414809,,scheduled,144,024901041,024901-3,,,05
041481002,,,ELA/RDG 8,,0414810,,scheduled,179,024901041,024901-3,,,02
041481004,,,ELA/RDG 8,,0414810,,scheduled,179,024901041,024901-3,,,04
041481005,,,ELA/RDG 8,,0414810,,scheduled,179,024901041,024901-3,,,05
041481007,,,ELA/RDG 8,,0414810,,scheduled,179,024901041,024901-3,,,07
041481208,,,ELA/RDG HONOR 8,,0414812,,homeroom,179,024901041,024901-3,,,08
041481306,,,READING DYS 8,,0414813,,scheduled,143,024901041,024901-3,,,06
041481903,,,RDG INV-8,,0414819,,scheduled,179,024901041,024901-3,,,03
041481904,,,RDG INV-8,,0414819,,scheduled,179,024901041,024901-3,,,04
041481906,,,RDG INV-8,,0414819,,scheduled,179,024901041,024901-3,,,06
041482001,,,MATH 8,,0414820,,scheduled,180,024901041,024901-3,,,01
041482003,,,MATH 8,,0414820,,scheduled,180,024901041,024901-3,,,03
041482006,,,MATH 8,,0414820,,scheduled,180,024901041,024901-3,,,06
041482008,,,MATH 8,,0414820,,homeroom,180,024901041,024901-3,,,08
041482305,,,ALG 1,,0414823,,scheduled,180,024901041,024901-3,,,05
041483001,,,SCIENCE 8,,0414830,,scheduled,122,024901041,024901-3,,,01
041483003,,,SCIENCE 8,,0414830,,scheduled,122,024901041,024901-3,,,03
041483005,,,SCIENCE 8,,0414830,,scheduled,122,024901041,024901-3,,,05
041483007,,,SCIENCE 8,,0414830,,scheduled,122,024901041,024901-3,,,07
041483008,,,SCIENCE 8,,0414830,,homeroom,122,024901041,024901-3,,,08
041483106,,,SCI LAB 8,,0414831,,homeroom,122,024901041,024901-3,,,06
041483204,,,SCI HONORS 8,,0414832,,scheduled,122,024901041,024901-3,,,04
041484001,,,AMERICAN HIST 8,,0414840,,scheduled,182,024901041,024901-3,,,01
041484002,,,AMERICAN HIST 8,,0414840,,scheduled,182,024901041,024901-3,,,02
041484005,,,AMERICAN HIST 8,,0414840,,scheduled,182,024901041,024901-3,,,05
041484007,,,AMERICAN HIST 8,,0414840,,scheduled,182,024901041,024901-3,,,07
041484008,,,AMERICAN HIST 8,,0414840,,homeroom,182,024901041,024901-3,,,08
041484206,,,AM HIST HONOR 8,,0414842,,scheduled,182,024901041,024901-3,,,06
041484903,,,P. E .8,,0414849,,scheduled,GYM,024901041,024901-3,,,03
041485007,,,P.E. 8,,0414850,,scheduled,GYM,024901041,024901-3,,,07
041485008,,,P.E. 8,,0414850,,homeroom,GYM,024901041,024901-3,,,08
041485101,,,ATHLETICS 8 BOY,,0414851,,scheduled,GYM,024901041,024901-3,,,01
041485202,,,ATHLETICS 8 GIR,,0414852,,scheduled,GYM,024901041,024901-3,,,02
041485403,,,BAND - 8,,0414854,,scheduled,BH,024901041,024901-3,,,03
041485704,,,MARIACHI 8,,0414857,,scheduled,BH,024901041,024901-3,,,04
041485801,,,THTR ARTS MS1,,0414858,,scheduled,161,024901041,024901-3,,,01
041485802,,,THTR ARTS MS1,,0414858,,scheduled,161,024901041,024901-3,,,02
041485804,,,THTR ARTS MS1,,0414858,,scheduled,161,024901041,024901-3,,,04
041487501,,,SPANISH I - 8,,0414875,,scheduled,145,024901041,024901-3,,,01
041487505,,,SPANISH I - 8,,0414875,,scheduled,145,024901041,024901-3,,,05
041487507,,,SPANISH I - 8,,0414875,,scheduled,145,024901041,024901-3,,,07
041488503,,,ROB 2,,0414885,,scheduled,148,024901041,024901-3,,,03
041489107,,,BUS IN FORM MGT,,0414891,,scheduled,147,024901041,024901-3,,,07
041489108,,,BUS IN FORM MGT,,0414891,,scheduled,147,024901041,024901-3,,,08
041489202,,,INTERVNT-MATH8,,0414892,,homeroom,180,024901041,024901-3,,,02
041489204,,,INTERVNT-MATH8,,0414892,,homeroom,180,024901041,024901-3,,,04
041490408,,,READING - 6TH,,0414904,,homeroom,144,024901041,024901-3,,,08
041490605,,,READING - 8TH,,0414906,,scheduled,144,024901041,024901-3,,,05
041490703,,,Math - 6TH,,0414907,,scheduled,144,024901041,024901-3,,,03
041491004,,,READING,,0414910,,scheduled,131,024901041,024901-3,,,04
041491504,,,READING,,0414915,,scheduled,131,024901041,024901-3,,,04
041491804,,,READING,,0414918,,scheduled,131,024901041,024901-3,,,04
041492002,,,MATHEMATICS,,0414920,,scheduled,131,024901041,024901-3,,,02
041492502,,,MATHEMATICS,,0414925,,scheduled,131,024901041,024901-3,,,02
041492802,,,MATHEMATICS,,0414928,,scheduled,131,024901041,024901-3,,,02
041493001,,,SCIENCE,,0414930,,scheduled,131,024901041,024901-3,,,01
041493501,,,SCIENCE,,0414935,,scheduled,131,024901041,024901-3,,,01
041493801,,,SCIENCE,,0414938,,scheduled,131,024901041,024901-3,,,01
041494003,,,SOCIAL STUDIES,,0414940,,scheduled,131,024901041,024901-3,,,03
041494503,,,SOCIAL STUDIES,,0414945,,scheduled,131,024901041,024901-3,,,03
041494803,,,SOCIAL STUDIES,,0414948,,scheduled,131,024901041,024901-3,,,03
041495005,,,LIFE SKILLS,,0414950,,scheduled,131,024901041,024901-3,,,05
041495505,,,LIFE SKILLS,,0414955,,scheduled,131,024901041,024901-3,,,05
041495805,,,LIFE SKILLS,,0414958,,scheduled,131,024901041,024901-3,,,05
041496007,,,VOC SKILLS,,0414960,,scheduled,131,024901041,024901-3,,,07
041496507,,,VOC SKILLS,,0414965,,scheduled,131,024901041,024901-3,,,07
041496807,,,VOC SKILLS,,0414968,,scheduled,131,024901041,024901-3,,,07
101130101,,,READING -3,,1011301,,homeroom,,024901101,024901-3,,,01
101130102,,,READING -3,,1011301,,homeroom,,024901101,024901-3,,,03
101130103,,,READING -3,,1011301,,homeroom,,024901101,024901-3,,,03
101130105,,,READING -3,,1011301,,homeroom,,024901101,024901-3,,,01
101130201,,,MATHEMATICS - 3,,1011302,,homeroom,,024901101,024901-3,,,03
101130202,,,MATHEMATICS - 3,,1011302,,homeroom,,024901101,024901-3,,,01
101130203,,,MATHEMATICS - 3,,1011302,,homeroom,,024901101,024901-3,,,01
101130205,,,MATHEMATICS - 3,,1011302,,scheduled,,024901101,024901-3,,,03
101130301,,,SCIENCE - 3,,1011303,,homeroom,,024901101,024901-3,,,05
101130302,,,SCIENCE - 3,,1011303,,homeroom,,024901101,024901-3,,,05
101130303,,,SCIENCE - 3,,1011303,,homeroom,,024901101,024901-3,,,05
101130305,,,SCIENCE - 3,,1011303,,homeroom,,024901101,024901-3,,,02
101130401,,,SOC STUDIES - 3,,1011304,,homeroom,,024901101,024901-3,,,02
101130402,,,SOC STUDIES - 3,,1011304,,homeroom,,024901101,024901-3,,,02
101130403,,,SOC STUDIES - 3,,1011304,,homeroom,,024901101,024901-3,,,02
101130405,,,SOC STUDIES - 3,,1011304,,homeroom,,024901101,024901-3,,,05
101130500,,,P E - 3,,1011305,,scheduled,,024901101,024901-3,,,05
101130501,,,P E - 3,,1011305,,scheduled,,024901101,024901-3,,,04
101130502,,,P E - 3,,1011305,,scheduled,,024901101,024901-3,,,04
101130503,,,P E - 3,,1011305,,scheduled,,024901101,024901-3,,,04
101130505,,,P E - 3,,1011305,,scheduled,,024901101,024901-3,,,04
101131000,,,ELA 3,,1011310,,homeroom,,024901101,024901-3,,,01
101131100,,,Math,,1011311,,homeroom,,024901101,024901-3,,,02
101131200,,,Science,,1011312,,homeroom,,024901101,024901-3,,,03
101131300,,,Soc Studies,,1011313,,homeroom,,024901101,024901-3,,,04
101140101,,,READING -4,,1011401,,scheduled,,024901101,024901-3,,,02
101140102,,,READING -4,,1011401,,homeroom,,024901101,024901-3,,,01
101140104,,,READING -4,,1011401,,homeroom,,024901101,024901-3,,,01
101140105,,,READING -4,,1011401,,scheduled,,024901101,024901-3,,,03
101140201,,,MATHEMATICS - 4,,1011402,,homeroom,,024901101,024901-3,,,01
101140202,,,MATHEMATICS - 4,,1011402,,scheduled,,024901101,024901-3,,,03
101140204,,,MATHEMATICS - 4,,1011402,,homeroom,,024901101,024901-3,,,02
101140205,,,MATHEMATICS - 4,,1011402,,homeroom,,024901101,024901-3,,,01
101140301,,,SCIENCE - 4,,1011403,,scheduled,,024901101,024901-3,,,07
101140302,,,SCIENCE - 4,,1011403,,scheduled,,024901101,024901-3,,,05
101140303,,,SCIENCE - 4,,1011403,,scheduled,,024901101,024901-3,,,02
101140304,,,SCIENCE - 4,,1011403,,scheduled,,024901101,024901-3,,,03
101140305,,,SCIENCE - 4,,1011403,,scheduled,,024901101,024901-3,,,02
101140306,,,SCIENCE - 4,,1011403,,scheduled,,024901101,024901-3,,,04
101140401,,,SOC STUDIES - 4,,1011404,,scheduled,,024901101,024901-3,,,03
101140402,,,SOC STUDIES - 4,,1011404,,scheduled,,024901101,024901-3,,,02
101140404,,,SOC STUDIES - 4,,1011404,,homeroom,,024901101,024901-3,,,04
101140405,,,SOC STUDIES - 4,,1011404,,scheduled,,024901101,024901-3,,,04
101140500,,,P E - 4,,1011405,,scheduled,,024901101,024901-3,,,05
101140501,,,P E - 4,,1011405,,scheduled,,024901101,024901-3,,,04
101140502,,,P E - 4,,1011405,,scheduled,,024901101,024901-3,,,04
101140503,,,P E - 4,,1011405,,scheduled,,024901101,024901-3,,,05
101140504,,,P E - 4,,1011405,,scheduled,,024901101,024901-3,,,05
101140505,,,P E - 4,,1011405,,scheduled,,024901101,024901-3,,,05
101140506,,,P E - 4,,1011405,,scheduled,,024901101,024901-3,,,05
101141000,,,ELA 4,,1011410,,homeroom,,024901101,024901-3,,,01
101141200,,,Math 4,,1011412,,homeroom,,024901101,024901-3,,,02
101141300,,,Science 4,,1011413,,homeroom,,024901101,024901-3,,,03
101141400,,,Soc Studies 4,,1011414,,homeroom,,024901101,024901-3,,,04
101150102,,,READING -5,,1011501,,homeroom,,024901101,024901-3,,,01
101150103,,,READING -5,,1011501,,scheduled,,024901101,024901-3,,,03
101150104,,,READING -5,,1011501,,homeroom,,024901101,024901-3,,,01
101150107,,,READING -5,,1011501,,scheduled,,024901101,024901-3,,,04
101150202,,,MATHEMATICS - 5,,1011502,,scheduled,,024901101,024901-3,,,03
101150203,,,MATHEMATICS - 5,,1011502,,homeroom,,024901101,024901-3,,,01
101150204,,,MATHEMATICS - 5,,1011502,,scheduled,,024901101,024901-3,,,05
101150207,,,MATHEMATICS - 5,,1011502,,homeroom,,024901101,024901-3,,,01
101150302,,,SCIENCE - 5,,1011503,,scheduled,,024901101,024901-3,,,08
101150303,,,SCIENCE - 5,,1011503,,scheduled,,024901101,024901-3,,,06
101150304,,,SCIENCE - 5,,1011503,,scheduled,,024901101,024901-3,,,04
101150307,,,SCIENCE - 5,,1011503,,scheduled,,024901101,024901-3,,,02
101150402,,,SOC STUDIES - 5,,1011504,,homeroom,,024901101,024901-3,,,02
101150403,,,SOC STUDIES - 5,,1011504,,homeroom,,024901101,024901-3,,,02
101150404,,,SOC STUDIES - 5,,1011504,,scheduled,,024901101,024901-3,,,02
101150407,,,SOC STUDIES - 5,,1011504,,scheduled,,024901101,024901-3,,,03
101150500,,,P E - 5,,1011505,,scheduled,,024901101,024901-3,,,07
101150502,,,P E - 5,,1011505,,scheduled,,024901101,024901-3,,,07
101150503,,,P E - 5,,1011505,,scheduled,,024901101,024901-3,,,07
101150504,,,P E - 5,,1011505,,scheduled,,024901101,024901-3,,,07
101150507,,,P E - 5,,1011505,,scheduled,,024901101,024901-3,,,07
101151000,,,ELA 5,,1011510,,homeroom,,024901101,024901-3,,,01
101151200,,,Math 5,,1011512,,homeroom,,024901101,024901-3,,,02
101151300,,,Science 5,,1011513,,homeroom,,024901101,024901-3,,,03
101151400,,,Soc. St 5,,1011514,,homeroom,,024901101,024901-3,,,04
103000101,,,LANG ARTS - PK,,1030001,,homeroom,,024901103,024901-3,,,01
103000103,,,LANG ARTS - PK,,1030001,,homeroom,,024901103,024901-3,,,01
103000104,,,LANG ARTS - PK,,1030001,,homeroom,,024901103,024901-3,,,01
103000106,,,LANG ARTS - PK,,1030001,,homeroom,,024901103,024901-3,,,01
103000107,,,LANG ARTS - PK,,1030001,,homeroom,,024901103,024901-3,,,01
103000108,,,LANG ARTS - PK,,1030001,,scheduled,,024901103,024901-3,,,01
103000201,,,MATH - PK,,1030002,,homeroom,,024901103,024901-3,,,02
103000203,,,MATH - PK,,1030002,,homeroom,,024901103,024901-3,,,02
103000204,,,MATH - PK,,1030002,,homeroom,,024901103,024901-3,,,02
103000206,,,MATH - PK,,1030002,,homeroom,,024901103,024901-3,,,02
103000207,,,MATH - PK,,1030002,,homeroom,,024901103,024901-3,,,02
103000208,,,MATH - PK,,1030002,,scheduled,,024901103,024901-3,,,02
103000301,,,SCIENCE - PK,,1030003,,homeroom,,024901103,024901-3,,,03
103000303,,,SCIENCE - PK,,1030003,,homeroom,,024901103,024901-3,,,03
103000304,,,SCIENCE - PK,,1030003,,homeroom,,024901103,024901-3,,,03
103000306,,,SCIENCE - PK,,1030003,,homeroom,,024901103,024901-3,,,03
103000307,,,SCIENCE - PK,,1030003,,homeroom,,024901103,024901-3,,,03
103000308,,,SCIENCE - PK,,1030003,,scheduled,,024901103,024901-3,,,03
103000401,,,SOC STUDIES-PK,,1030004,,homeroom,,024901103,024901-3,,,04
103000403,,,SOC STUDIES-PK,,1030004,,homeroom,,024901103,024901-3,,,04
103000404,,,SOC STUDIES-PK,,1030004,,homeroom,,024901103,024901-3,,,04
103000406,,,SOC STUDIES-PK,,1030004,,homeroom,,024901103,024901-3,,,04
103000407,,,SOC STUDIES-PK,,1030004,,homeroom,,024901103,024901-3,,,04
103000408,,,SOC STUDIES-PK,,1030004,,scheduled,,024901103,024901-3,,,04
103000601,,,CITIZENSHIP-PK,,1030006,,homeroom,,024901103,024901-3,,,05
103000603,,,CITIZENSHIP-PK,,1030006,,homeroom,,024901103,024901-3,,,05
103000604,,,CITIZENSHIP-PK,,1030006,,homeroom,,024901103,024901-3,,,05
103000606,,,CITIZENSHIP-PK,,1030006,,homeroom,,024901103,024901-3,,,05
103000607,,,CITIZENSHIP-PK,,1030006,,homeroom,,024901103,024901-3,,,05
103000608,,,CITIZENSHIP-PK,,1030006,,scheduled,,024901103,024901-3,,,05
103000801,,,PE - PK,,1030008,,homeroom,,024901103,024901-3,,,06
103000803,,,PE - PK,,1030008,,homeroom,,024901103,024901-3,,,06
103000804,,,PE - PK,,1030008,,homeroom,,024901103,024901-3,,,06
103000806,,,PE - PK,,1030008,,homeroom,,024901103,024901-3,,,06
103000807,,,PE - PK,,1030008,,homeroom,,024901103,024901-3,,,06
103000808,,,PE - PK,,1030008,,scheduled,,024901103,024901-3,,,06
103001002,,,LANG ARTS - KG,,1030010,,homeroom,,024901103,024901-3,,,01
103001003,,,LANG ARTS - KG,,1030010,,homeroom,,024901103,024901-3,,,01
103001005,,,LANG ARTS - KG,,1030010,,homeroom,,024901103,024901-3,,,01
103001007,,,LANG ARTS - KG,,1030010,,homeroom,,024901103,024901-3,,,01
103001100,,,LANG ARTS-KG,,1030011,,homeroom,,024901103,024901-3,,,01
103001200,,,MATH-KG,,1030012,,homeroom,,024901103,024901-3,,,02
103001300,,,SCIENCE-KG,,1030013,,homeroom,,024901103,024901-3,,,03
103001400,,,SOC STUDIES-KG,,1030014,,homeroom,,024901103,024901-3,,,04
103001600,,,CITIZENSHIP-K,,1030016,,homeroom,,024901103,024901-3,,,05
103002002,,,MATH - KG,,1030020,,homeroom,,024901103,024901-3,,,02
103002003,,,MATH - KG,,1030020,,homeroom,,024901103,024901-3,,,02
103002005,,,MATH - KG,,1030020,,homeroom,,024901103,024901-3,,,02
103002007,,,MATH - KG,,1030020,,homeroom,,024901103,024901-3,,,02
103003002,,,SCIENCE - KG,,1030030,,homeroom,,024901103,024901-3,,,03
103003003,,,SCIENCE - KG,,1030030,,homeroom,,024901103,024901-3,,,03
103003005,,,SCIENCE - KG,,1030030,,homeroom,,024901103,024901-3,,,03
103003007,,,SCIENCE - KG,,1030030,,homeroom,,024901103,024901-3,,,03
103004002,,,SOC STUDIES-KG,,1030040,,homeroom,,024901103,024901-3,,,04
103004003,,,SOC STUDIES-KG,,1030040,,homeroom,,024901103,024901-3,,,04
103004005,,,SOC STUDIES-KG,,1030040,,homeroom,,024901103,024901-3,,,04
103004007,,,SOC STUDIES-KG,,1030040,,homeroom,,024901103,024901-3,,,04
103005000,,,P E - KG,,1030050,,homeroom,,024901103,024901-3,,,06
103005001,,,P E - KG,,1030050,,homeroom,,024901103,024901-3,,,06
103005002,,,P E - KG,,1030050,,homeroom,,024901103,024901-3,,,05
103005003,,,P E - KG,,1030050,,homeroom,,024901103,024901-3,,,05
103005005,,,P E - KG,,1030050,,homeroom,,024901103,024901-3,,,05
103005007,,,P E - KG,,1030050,,homeroom,,024901103,024901-3,,,05
103006002,,,CITIZENSHIP - K,,1030060,,homeroom,,024901103,024901-3,,,06
103006003,,,CITIZENSHIP - K,,1030060,,homeroom,,024901103,024901-3,,,06
103006005,,,CITIZENSHIP - K,,1030060,,homeroom,,024901103,024901-3,,,06
103006007,,,CITIZENSHIP - K,,1030060,,homeroom,,024901103,024901-3,,,06
103110001,,,LANG ARTS-PK,,1031100,,homeroom,,024901103,024901-3,,,01
103110101,,,MATH-PK,,1031101,,homeroom,,024901103,024901-3,,,02
103110201,,,SCIENCE-PK,,1031102,,homeroom,,024901103,024901-3,,,03
103110301,,,SOC STUDIES-PK,,1031103,,homeroom,,024901103,024901-3,,,04
103110601,,,CITIZENSHIP-PK,,1031106,,homeroom,,024901103,024901-3,,,05
105010001,,,LANG ARTS - 1,,1050100,,homeroom,,024901105,024901-3,,,01
105010002,,,LANG ARTS - 1,,1050100,,homeroom,,024901105,024901-3,,,01
105010003,,,LANG ARTS - 1,,1050100,,homeroom,,024901105,024901-3,,,01
105011000,,,LANG ARTS-1,,1050110,,homeroom,,024901105,024901-3,,,01
105012000,,,MATH-1,,1050120,,homeroom,,024901105,024901-3,,,02
105013000,,,SCIENCE-1,,1050130,,homeroom,,024901105,024901-3,,,03
105014000,,,SOC STUDIES-1,,1050140,,homeroom,,024901105,024901-3,,,04
105020001,,,MATH - 1,,1050200,,homeroom,,024901105,024901-3,,,02
105020002,,,MATH - 1,,1050200,,homeroom,,024901105,024901-3,,,02
105020003,,,MATH - 1,,1050200,,homeroom,,024901105,024901-3,,,02
105030001,,,SCIENCE - 1,,1050300,,homeroom,,024901105,024901-3,,,04
105030002,,,SCIENCE - 1,,1050300,,homeroom,,024901105,024901-3,,,04
105030003,,,SCIENCE - 1,,1050300,,homeroom,,024901105,024901-3,,,04
105040001,,,Social Studies,,1050400,,homeroom,,024901105,024901-3,,,05
105040002,,,Social Studies,,1050400,,homeroom,,024901105,024901-3,,,05
105040003,,,Social Studies,,1050400,,homeroom,,024901105,024901-3,,,05
105050000,,,P E - 1,,1050500,,scheduled,,024901105,024901-3,,,05
105050001,,,P E - 1,,1050500,,scheduled,,024901105,024901-3,,,03
105050002,,,P E - 1,,1050500,,scheduled,,024901105,024901-3,,,03
105050003,,,P E - 1,,1050500,,scheduled,,024901105,024901-3,,,03
105120101,,,READING -2,,1051201,,homeroom,,024901105,024901-3,,,01
105120102,,,READING -2,,1051201,,homeroom,,024901105,024901-3,,,01
105120103,,,READING -2,,1051201,,homeroom,,024901105,024901-3,,,01
105120104,,,READING -2,,1051201,,homeroom,,024901105,024901-3,,,01
105120105,,,READING -2,,1051201,,homeroom,,024901105,024901-3,,,01
105120201,,,MATHEMATICS - 2,,1051202,,homeroom,,024901105,024901-3,,,02
105120202,,,MATHEMATICS - 2,,1051202,,homeroom,,024901105,024901-3,,,02
105120203,,,MATHEMATICS - 2,,1051202,,homeroom,,024901105,024901-3,,,02
105120204,,,MATHEMATICS - 2,,1051202,,homeroom,,024901105,024901-3,,,02
105120205,,,MATHEMATICS - 2,,1051202,,homeroom,,024901105,024901-3,,,02
105120301,,,SCIENCE - 2,,1051203,,homeroom,,024901105,024901-3,,,03
105120302,,,SCIENCE - 2,,1051203,,homeroom,,024901105,024901-3,,,03
105120303,,,SCIENCE - 2,,1051203,,homeroom,,024901105,024901-3,,,03
105120304,,,SCIENCE - 2,,1051203,,homeroom,,024901105,024901-3,,,03
105120305,,,SCIENCE - 2,,1051203,,homeroom,,024901105,024901-3,,,03
105120401,,,SOC STUDIES - 2,,1051204,,homeroom,,024901105,024901-3,,,05
105120402,,,SOC STUDIES - 2,,1051204,,homeroom,,024901105,024901-3,,,05
105120403,,,SOC STUDIES - 2,,1051204,,homeroom,,024901105,024901-3,,,05
105120404,,,SOC STUDIES - 2,,1051204,,homeroom,,024901105,024901-3,,,05
105120405,,,SOC STUDIES - 2,,1051204,,homeroom,,024901105,024901-3,,,05
105120500,,,P E - 2,,1051205,,scheduled,,024901105,024901-3,,,05
105120501,,,P E - 2,,1051205,,scheduled,,024901105,024901-3,,,04
105120502,,,P E - 2,,1051205,,scheduled,,024901105,024901-3,,,04
105120503,,,P E - 2,,1051205,,scheduled,,024901105,024901-3,,,04
105120504,,,P E - 2,,1051205,,scheduled,,024901105,024901-3,,,04
105120505,,,P E - 2,,1051205,,scheduled,,024901105,024901-3,,,04
105121000,,,ELA 2,,1051210,,homeroom,,024901105,024901-3,,,01
105121100,,,Math 2,,1051211,,homeroom,,024901105,024901-3,,,02
105121200,,,Science 2,,1051212,,homeroom,,024901105,024901-3,,,03
105121300,,,Soc Stud 2,,1051213,,homeroom,,024901105,024901-3,,,04
