sourcedId,status,dateLastModified,schoolYearSourcedId,title,courseCode,grades,orgSourcedId,subjects,subjectCodes
0014996,,,,REMOTE LEARNING,0014996,,024901001,,
0014997,,,,Inter/Inclussio,0014997,,024901001,,
0015000,,,,ACC INSTRUCTION,0015000,,024901001,,
0015001,,,,ENG 1 INTERVENT,0015001,,024901001,,
0015002,,,,ENG 2 INTERVENT,0015002,,024901001,,
0015003,,,,ALG 1 INTERVENT,0015003,,024901001,,
0015004,,,,US HIST INTERV,0015004,,024901001,,
0015005,,,,TSI PREP ELA,0015005,,024901001,,
0015006,,,,TSI PREP MATH,0015006,,024901001,,
0015008,,,,TECM 1301,0015008,,024901001,,
0015009,,,,WLDG 2413,0015009,,024901001,,
0015010,,,,Homework Asst I,0015010,,024901001,,
0015011,,,,InENG 1,0015011,,024901001,,
0015012,,,,InENG 2,0015012,,024901001,,
0015013,,,,InENG 3,0015013,,024901001,,
0015014,,,,InALG 1,0015014,,024901001,,
0015015,,,,InALG 2,0015015,,024901001,,
0015016,,,,InGEOM,0015016,,024901001,,
0015017,,,,InBIO 1,0015017,,024901001,,
0015018,,,,InCHEMISTRY,0015018,,024901001,,
0015019,,,,InWLD GEOGRAPHY,0015019,,024901001,,
0015020,,,,InWLD HISTORY,0015020,,024901001,,
0015021,,,,InUS HISTORY,0015021,,024901001,,
0015022,,,,InGOVERNMENT,0015022,,024901001,,
0015023,,,,InECONOMICS,0015023,,024901001,,
0015024,,,,InPHYSICS,0015024,,024901001,,
0015025,,,,InENVR SYSTEMS,0015025,,024901001,,
0015026,,,,InENGLISH 4,0015026,,024901001,,
0015027,,,,InFINANCIALMATH,0015027,,024901001,,
0015094,,,,DIGIT ART ANIMA,0015094,,024901001,,
0015095,,,,ENGLISH 1 BLOCK,0015095,,024901001,,
0015096,,,,ENGLISH 2 BLOCK,0015096,,024901001,,
0015097,,,,ALGEBRA 1 BLOCK,0015097,,024901001,,
0015101,,,,ENG 1,0015101,,024901001,,
0015102,,,,ENG 2,0015102,,024901001,,
0015103,,,,ENG 3,0015103,,024901001,,
0015104,,,,ENG 4,0015104,,024901001,,
0015105,,,,COMM APPL,0015105,,024901001,,
0015106,,,,READING 1,0015106,,024901001,,
0015107,,,,READING 2,0015107,,024901001,,
0015108,,,,READING 3,0015108,,024901001,,
0015109,,,,READING 4,0015109,,024901001,,
0015110,,,,ENG-DSY,0015110,,024901001,,
0015111,,,,ENG 1 HONORS,0015111,,024901001,,
0015112,,,,ENG 2 HONORS,0015112,,024901001,,
0015115,,,,ENG SOL LAB,0015115,,024901001,,
0015116,,,,FORENSIC SCIENC,0015116,,024901001,,
0015117,,,,COMM TECHNOLGY,0015117,,024901001,,
0015118,,,,PROJ BASE RESRC,0015118,,024901001,,
0015119,,,,ENGLISH2 HON1.0,0015119,,024901001,,
0015120,,,,ENGLISH 1301,0015120,,024901001,,
0015121,,,,ENGLISH 1302,0015121,,024901001,,
0015122,,,,ENGLISH 1301,0015122,,024901001,,
0015123,,,,ENGLISH 1302,0015123,,024901001,,
0015124,,,,ENGLISH 2322,0015124,,024901001,,
0015125,,,,ENGLISH 2302 SR,0015125,,024901001,,
0015126,,,,PROFCOMM1311,0015126,,024901001,,
0015127,,,,PROFCOMM1315,0015127,,024901001,,
0015128,,,,ENG1301 ONLINE,0015128,,024901001,,
0015129,,,,ENGLISH 1301,0015129,,024901001,,
0015130,,,,ENGLISH 1302,0015130,,024901001,,
0015131,,,,SPANISH I,0015131,,024901001,,
0015132,,,,Spanish II,0015132,,024901001,,
0015133,,,,SPANISH III,0015133,,024901001,,
0015134,,,,TECHNICAL WRITI,0015134,,024901001,,
0015135,,,,MUSI 1306,0015135,,024901001,,
0015136,,,,GEOL 1305,0015136,,024901001,,
0015137,,,,WLDG 1323,0015137,,024901001,,
0015138,,,,COMG 1391,0015138,,024901001,,
0015139,,,,TECM 1301,0015139,,024901001,,
0015140,,,,WLDG 2453,0015140,,024901001,,
0015141,,,,BIOL 1322,0015141,,024901001,,
0015200,,,,GEOG 1303,0015200,,024901001,,
0015201,,,,ALG 1,0015201,,024901001,,
0015202,,,,GEOMETRY,0015202,,024901001,,
0015203,,,,MATH MODELS APP,0015203,,024901001,,
0015204,,,,ALGREA REASONIN,0015204,,024901001,,
0015205,,,,ALG 2,0015205,,024901001,,
0015206,,,,ALG 1,0015206,,024901001,,
0015207,,,,GEOMETRY,0015207,,024901001,,
0015211,,,,ALG 1 HONORS,0015211,,024901001,,
0015212,,,,GEOM HONORS,0015212,,024901001,,
0015213,,,,ALG 2 HONORS,0015213,,024901001,,
0015214,,,,PRECALCULUS,0015214,,024901001,,
0015215,,,,MATH1314,0015215,,024901001,,
0015216,,,,COLLEGE TRG1316,0015216,,024901001,,
0015220,,,,MATH PREP,0015220,,024901001,,
0015301,,,,BIOLOGY 1,0015301,,024901001,,
0015302,,,,INT PHYS&CHEM,0015302,,024901001,,
0015303,,,,CHEMISTRY,0015303,,024901001,,
0015304,,,,PHYSICS,0015304,,024901001,,
0015305,,,,Anatomy & Physi,0015305,,024901001,,
0015306,,,,EARTH SPACE SCI,0015306,,024901001,,
0015307,,,,ENVR SYSTEMS,0015307,,024901001,,
0015311,,,,BIO 1 HONORS,0015311,,024901001,,
0015312,,,,CHEM HONORS,0015312,,024901001,,
0015313,,,,PRE-AP ENVR SYS,0015313,,024901001,,
0015315,,,,BIOL 1306 LEC,0015315,,024901001,,
0015316,,,,BIOLOGY1106,0015316,,024901001,,
0015317,,,,BIOLOGY 1308,0015317,,024901001,,
0015318,,,,BIOLOGY 1107,0015318,,024901001,,
0015319,,,,BIOL 1306 REC,0015319,,024901001,,
0015327,,,,HVAC HART 1401,0015327,,024901001,,
0015328,,,,HVAC 2,0015328,,024901001,,
0015329,,,,PHIL 2306,0015329,,024901001,,
0015399,,,,PSYC 2314,0015399,,024901001,,
0015400,,,,ECONOMIC 2301,0015400,,024901001,,
0015401,,,,WLD GEOGRAPHY,0015401,,024901001,,
0015402,,,,US HISTORY,0015402,,024901001,,
0015403,,,,WLD HISTORY,0015403,,024901001,,
0015404,,,,GOVERNMENT,0015404,,024901001,,
0015405,,,,ECONOMICS,0015405,,024901001,,
0015410,,,,TX GOVT 2306,0015410,,024901001,,
0015411,,,,WLD GEO HONORS,0015411,,024901001,,
0015413,,,,WLD HIST HONORS,0015413,,024901001,,
0015419,,,,WLD HLTH RESECH,0015419,,024901001,,
0015420,,,,USHIST1301,0015420,,024901001,,
0015421,,,,USHIST1302,0015421,,024901001,,
0015422,,,,US HIST 1301,0015422,,024901001,,
0015423,,,,US HIST 1302,0015423,,024901001,,
0015424,,,,US HIST 1301,0015424,,024901001,,
0015425,,,,US HSIT 1302,0015425,,024901001,,
0015426,,,,US GOVT 2305,0015426,,024901001,,
0015427,,,,TX GOVT 2306,0015427,,024901001,,
0015428,,,,USHIST 1301 ,0015428,,024901001,,
0015429,,,,PSYC 2314,0015429,,024901001,,
0015430,,,,PHIL 1301,0015430,,024901001,,
0015431,,,,HUMA 1301,0015431,,024901001,,
0015432,,,,BIOL 2306,0015432,,024901001,,
0015433,,,,SOCI 2301,0015433,,024901001,,
0015434,,,,Money Matters,0015434,,024901001,,
0015435,,,,SPEECH 1315,0015435,,024901001,,
0015436,,,,COMS 1311,0015436,,024901001,,
0015438,,,,GOVT 2305,0015438,,024901001,,
0015439,,,,CRIJ 2328,0015439,,024901001,,
0015501,,,,ART 1,0015501,,024901001,,
0015502,,,,ART 2,0015502,,024901001,,
0015503,,,,ART 3,0015503,,024901001,,
0015504,,,,ART 4,0015504,,024901001,,
0015505,,,,THEATRE ART 1,0015505,,024901001,,
0015506,,,,THEATRE ART 2,0015506,,024901001,,
0015507,,,,THEATRE ART 3,0015507,,024901001,,
0015508,,,,THEATRE ART 4,0015508,,024901001,,
0015509,,,,BAND 1,0015509,,024901001,,
0015510,,,,BAND 2,0015510,,024901001,,
0015511,,,,BAND 3,0015511,,024901001,,
0015512,,,,BAND 4,0015512,,024901001,,
0015513,,,,MUS MARIACHI 1,0015513,,024901001,,
0015514,,,,MUS MARIACHI 2,0015514,,024901001,,
0015515,,,,MUS MARIACHI 3,0015515,,024901001,,
0015516,,,,MUS MARIACHI 4,0015516,,024901001,,
0015518,,,,CHOIR 1,0015518,,024901001,,
0015519,,,,SOLO ENSEMBLE 1,0015519,,024901001,,
0015520,,,,ART 1301,0015520,,024901001,,
0015521,,,,ARTS 1303,0015521,,024901001,,
0015600,,,,ADAPTIVE PE,0015600,,024901001,,
0015601,,,,F OF PER FITNES,0015601,,024901001,,
0015602,,,,IND/TEAM SPORT,0015602,,024901001,,
0015603,,,,PE SUB MAR BAND,0015603,,024901001,,
0015604,,,,AEROBIC ACTIVIT,0015604,,024901001,,
0015605,,,,PE SUB JROTC1,0015605,,024901001,,
0015606,,,,ATHLETICS 1 B,0015606,,024901001,,
0015607,,,,ATHLETICS 2 B,0015607,,024901001,,
0015608,,,,ATHLETICS 3 B,0015608,,024901001,,
0015609,,,,ATHLETICS 4 B,0015609,,024901001,,
0015610,,,,ATHLETICS 1 G,0015610,,024901001,,
0015611,,,,ATHLETICS 2 G,0015611,,024901001,,
0015612,,,,ATHLETICS 3 G,0015612,,024901001,,
0015613,,,,ATHLETICS 4 G,0015613,,024901001,,
0015614,,,,KINE 1346,0015614,,024901001,,
0015697,,,,BUSI 1301,0015697,,024901001,,
0015698,,,,HPRS 1201,0015698,,024901001,,
0015699,,,,PLAB1023,0015699,,024901001,,
0015700,,,,ECRD 1011,0015700,,024901001,,
0015701,,,,Health,0015701,,024901001,,
0015702,,,,COLLEGEPREP ELA,0015702,,024901001,,
0015703,,,,COLLEGEPREP MTH,0015703,,024901001,,
0015704,,,,FLORAL DESIGN,0015704,,024901001,,
0015705,,,,ADV JOUN YRB 1,0015705,,024901001,,
0015706,,,,ADV JOUN YRB2,0015706,,024901001,,
0015708,,,,JOURNALISM,0015708,,024901001,,
0015709,,,,COLLEGE RSS,0015709,,024901001,,
0015710,,,,COLLEGE TRAVEL,0015710,,024901001,,
0015711,,,,CRSS EDUC 1300,0015711,,024901001,,
0015712,,,,PSYCHOLOGY 2301,0015712,,024901001,,
0015713,,,,SOCIOLOGY 1301,0015713,,024901001,,
0015720,,,,HPRS 2302,0015720,,024901001,,
0015721,,,,PSYCH 2301 ,0015721,,024901001,,
0015722,,,,JOURNALISM NP1,0015722,,024901001,,
0015723,,,,JOURNALISM NP2,0015723,,024901001,,
0015724,,,,PRIN OF APP ENG,0015724,,024901001,,
0015725,,,,DIGITAL MEDIA,0015725,,024901001,,
0015726,,,,GRAPHIC DESIGN,0015726,,024901001,,
0015730,,,,INTRO HLTH PROF,0015730,,024901001,,
0015732,,,,H SCI-NURA1301,0015732,,024901001,,
0015733,,,,CLINIC-NURA1160,0015733,,024901001,,
0015734,,,,EDUC 1301,0015734,,024901001,,
0015735,,,,H SCI-NURA1301,0015735,,024901001,,
0015736,,,,CLINIC-NURA1160,0015736,,024901001,,
0015738,,,,ROTC 3,0015738,,024901001,,
0015739,,,,ROTC2,0015739,,024901001,,
0015740,,,,ROTC1,0015740,,024901001,,
0015741,,,,MED BIO TEC,0015741,,024901001,,
0015742,,,,PHARMACOLOGY,0015742,,024901001,,
0015800,,,,SPCH 1315,0015800,,024901001,,
0015801,,,,PRIN OF AFNR,0015801,,024901001,,
0015802,,,,LIVESTOCK PROD,0015802,,024901001,,
0015803,,,,VET MED APP,0015803,,024901001,,
0015804,,,,ADV ANIMIAL SCI,0015804,,024901001,,
0015805,,,,CERT MED ASST,0015805,,024901001,,
0015806,,,,PATCARETECH,0015806,,024901001,,
0015807,,,,TECA 1311,0015807,,024901001,,
0015808,,,,CDEC 1359,0015808,,024901001,,
0015809,,,,CDEC 1313,0015809,,024901001,,
0015810,,,,PRIN OF EDTR,0015810,,024901001,,
0015811,,,,PRIN OF HUM SER,0015811,,024901001,,
0015812,,,,DOLLARS&SENSE,0015812,,024901001,,
0015813,,,,5815,0015813,,024901001,,
0015814,,,,CDEC 1356,0015814,,024901001,,
0015815,,,,CHILD GUID,0015815,,024901001,,
0015816,,,,CDEC 1358,0015816,,024901001,,
0015817,,,,CDEC 1321,0015817,,024901001,,
0015818,,,,CHOIR 1,0015818,,024901001,,
0015819,,,,VNSG 1227,0015819,,024901001,,
0015820,,,,ENTREPRENEURSHI,0015820,,024901001,,
0015821,,,,PRIN OF BMF,0015821,,024901001,,
0015822,,,,TOUCH SDATAE,0015822,,024901001,,
0015823,,,,BUSIM1,0015823,,024901001,,
0015824,,,,BUS INFO MGT 2,0015824,,024901001,,
0015825,,,,BCIS 1305,0015825,,024901001,,
0015826,,,,CAREER PREP 1,0015826,,024901001,,
0015827,,,,WLD2406 LEC/LAB,0015827,,024901001,,
0015828,,,,WLD2453 LEC/LAB,0015828,,024901001,,
0015829,,,,AG MECH,0015829,,024901001,,
0015830,,,,INTRO WLDG 1557,0015830,,024901001,,
0015831,,,,PRIN OF MANUF,0015831,,024901001,,
0015832,,,,WLD1407,0015832,,024901001,,
0015833,,,,WLDG 1407 ,0015833,,024901001,,
0015834,,,,WLDG 1521,0015834,,024901001,,
0015835,,,,WLDG 1521 LAB,0015835,,024901001,,
0015836,,,,WLDG 1557,0015836,,024901001,,
0015837,,,,WLDG 1434,0015837,,024901001,,
0015838,,,,WLDG 1435,0015838,,024901001,,
0015839,,,,IPWLDG 1435 LAB,0015839,,024901001,,
0015840,,,,WLDG 2406,0015840,,024901001,,
0015841,,,,PRIN LPCS,0015841,,024901001,,
0015842,,,,LAW ENFOR 1,0015842,,024901001,,
0015843,,,,COURT SYS PRAC,0015843,,024901001,,
0015844,,,,LAW ENF 2,0015844,,024901001,,
0015845,,,,PREM2 GMAW1430,0015845,,024901001,,
0015846,,,,CJSA 1322,0015846,,024901001,,
0015848,,,,CJSA 1313,0015848,,024901001,,
0015849,,,,WLDG 1 2406,0015849,,024901001,,
0015850,,,,ELECTRIC TECH I,0015850,,024901001,,
0015851,,,,ELECTRIC TECH 2,0015851,,024901001,,
0015852,,,,5141,0015852,,024901001,,
0015853,,,,WLD 2451,0015853,,024901001,,
0015854,,,,Build Main Tech,0015854,,024901001,,
0015855,,,,PRIN CONSTRUCT,0015855,,024901001,,
0015856,,,,CONSTR MGT 1,0015856,,024901001,,
0015857,,,,VNSG 1320,0015857,,024901001,,
0015858,,,,VNSG 1116 Nutri,0015858,,024901001,,
0015859,,,,VNSG 1133 Gro&D,0015859,,024901001,,
0015860,,,,INTRO ENG DSGN,0015860,,024901001,,
0015861,,,,WLDG1313,0015861,,024901001,,
0015862,,,,WLDG1317,0015862,,024901001,,
0015867,,,,CONTRUC TECH,0015867,,024901001,,
0015868,,,,Const. Tech 1,0015868,,024901001,,
0015870,,,,ACCOUNTING 1,0015870,,024901001,,
0015871,,,,FINANCIAL MATH,0015871,,024901001,,
0015900,,,,PHYSICS,0015900,,024901001,,
0015901,,,,ENGLISH 1,0015901,,024901001,,
0015902,,,,ENGLISH 2,0015902,,024901001,,
0015903,,,,ENGLISH 3,0015903,,024901001,,
0015904,,,,ENGLISH 4,0015904,,024901001,,
0015905,,,,ALGEBRA 1,0015905,,024901001,,
0015906,,,,GEOMETRY,0015906,,024901001,,
0015907,,,,MTH MOD APP,0015907,,024901001,,
0015908,,,,BIOLOGY  1,0015908,,024901001,,
0015909,,,,INT PHY&CHEM,0015909,,024901001,,
0015910,,,,CHEMISTRY,0015910,,024901001,,
0015911,,,,WLD GEOGRAPHY,0015911,,024901001,,
0015912,,,,US HISTORY,0015912,,024901001,,
0015913,,,,WLD HISTORY,0015913,,024901001,,
0015914,,,,GOVERNMENT,0015914,,024901001,,
0015915,,,,ECONOMICS,0015915,,024901001,,
0015916,,,,CAREER L SK 1,0015916,,024901001,,
0015917,,,,CAREER L SK 2,0015917,,024901001,,
0015918,,,,CAREER L SK 3,0015918,,024901001,,
0015919,,,,CAREER L SK 4,0015919,,024901001,,
0015920,,,,FUND OF MATH,0015920,,024901001,,
0015921,,,,VOCATIONAL SK,0015921,,024901001,,
0015922,,,,FUNCTIONAL MTH,0015922,,024901001,,
0015923,,,,FUNCTIONAL RDG,0015923,,024901001,,
0015924,,,,STUDY HALL,0015924,,024901001,,
0015934,,,,ALGEBRA 2,0015934,,024901001,,
0015935,,,,ASSIS TECHNOOGY,0015935,,024901001,,
0015936,,,,BRAILLE PRODENG,0015936,,024901001,,
0015937,,,,BRAILLE PRODSCI,0015937,,024901001,,
0015938,,,,JOURNALISM,0015938,,024901001,,
0019001,,,,ENGLISH 1 A,0019001,,024901001,,
0019002,,,,ENGLISH 2 A,0019002,,024901001,,
0019003,,,,ENGLISH 3 A,0019003,,024901001,,
0019004,,,,ENGLISH 4 A,0019004,,024901001,,
0019005,,,,ALGEBRA 1 A,0019005,,024901001,,
0019006,,,,GEOMETRY A,0019006,,024901001,,
0019007,,,,ALGEBRA 2 A,0019007,,024901001,,
0019008,,,,MMA A,0019008,,024901001,,
0019009,,,,IPC A,0019009,,024901001,,
0019010,,,,BIOLOGY A,0019010,,024901001,,
0019011,,,,WORLD GEO A,0019011,,024901001,,
0019012,,,,WORLD HISTORY A,0019012,,024901001,,
0019013,,,,US HISTORY A,0019013,,024901001,,
0019014,,,,GOVERNMENT A,0019014,,024901001,,
0019015,,,,ECONOMICS A,0019015,,024901001,,
0019016,,,,HEALTH A,0019016,,024901001,,
0019017,,,,CHEMISTRY A,0019017,,024901001,,
0019018,,,,EARTH SCIENCE A,0019018,,024901001,,
0019019,,,,ART 1 A,0019019,,024901001,,
0019020,,,,BUS INF MGT 1,0019020,,024901001,,
0019021,,,,PHYSICS A,0019021,,024901001,,
0019022,,,,SOCIOLOGY A,0019022,,024901001,,
0019023,,,,SPEECH COMUNICA,0019023,,024901001,,
0019024,,,,SPANISH 1 A,0019024,,024901001,,
0019114,,,,PHYSICS B,0019114,,024901001,,
0019117,,,,CHEMISTY B,0019117,,024901001,,
0019118,,,,EARTH SCIENCE B,0019118,,024901001,,
0414610,,,,ELA/RDG 6,0414610,,024901041,,
0414621,,,,MATH B-6,0414621,,024901041,,
0414660,,,,ART I MS,0414660,,024901041,,
0414691,,,,TECH APPL,0414691,,024901041,,
0414710,,,,ELA/RDG 7,0414710,,024901041,,
0414711,,,,ELA/RDG B-7,0414711,,024901041,,
0414754,,,,BAND - 7,0414754,,024901041,,
0414810,,,,ELA/RDG 8,0414810,,024901041,,
0414849,,,,P. E .8,0414849,,024901041,,
0414871,,,,PRIN OF AFNR,0414871,,024901041,,
0414918,,,,READING,0414918,,024901041,,
1011216,,,,MATH ENR - 2,1011216,,024901101,,
1011308,,,,JAB-3,1011308,,024901101,,
1011309,,,,STAAR Enr 3,1011309,,024901101,,
1011310,,,,ELA 3,1011310,,024901101,,
1011402,,,,MATHEMATICS - 4,1011402,,024901101,,
1011408,,,,JAB-4,1011408,,024901101,,
1011410,,,,ELA 4,1011410,,024901101,,
1011503,,,,SCIENCE - 5,1011503,,024901101,,
1011508,,,,JAB-5,1011508,,024901101,,
1011510,,,,ELA 5,1011510,,024901101,,
1011515,,,,LIFE SKILLS,1011515,,024901101,,
1013300,,,,READING ELEC 3,1013300,,024901101,,
1030014,,,,SOC STUDIES-KG,1030014,,024901103,,
1050012,,,,MATH-KG,1050012,,024901105,,
1050140,,,,SOC STUDIES-1,1050140,,024901105,,
1050500,,,,P E - 1,1050500,,024901105,,
1051100,,,,LANG ARTS-PK,1051100,,024901105,,
1051202,,,,MATHEMATICS - 2,1051202,,024901105,,
1051216,,,,MATH ENR - 2,1051216,,024901105,,
1051217,,,,READING 2,1051217,,024901105,,
1051303,,,,SCIENCE - 3,1051303,,024901105,,
1051503,,,,SCIENCE - 5,1051503,,024901105,,
1051508,,,,JAB-5,1051508,,024901105,,
1051515,,,,LIFE SKILLS,1051515,,024901105,,
1051518,,,,ENRICHMENT 5,1051518,,024901105,,
0019150,,,,SWIS,0019150,,024901001,,
0414732,,,,SCI HONORS 7,0414732,,024901041,,
0414740,,,,TEXAS HISTORY 7,0414740,,024901041,,
0414749,,,,P. E. 7,0414749,,024901041,,
0414752,,,,ATH-GIRLS-7,0414752,,024901041,,
0414770,,,,COLLEGE & CR -7,0414770,,024901041,,
0414809,,,,INTERV/ENRICH 8,0414809,,024901041,,
0414840,,,,AMERICAN HIST 8,0414840,,024901041,,
0414860,,,,ART I MS,0414860,,024901041,,
0414894,,,,SCI INTERVNT 6,0414894,,024901041,,
0414911,,,,LIFE SKILLS,0414911,,024901041,,
0414916,,,,VOCSKILLS,0414916,,024901041,,
0414925,,,,MATHEMATICS,0414925,,024901041,,
0414946,,,,SOCIAL STUDIES,0414946,,024901041,,
1011203,,,,SCIENCE - 2,1011203,,024901101,,
1011218,,,,MATH 2,1011218,,024901101,,
1011605,,,,PE,1011605,,024901101,,
1030013,,,,SCIENCE-KG,1030013,,024901103,,
1050004,,,,SOC STUDIES-PK,1050004,,024901105,,
1050160,,,,CITIZENSHIP-1,1050160,,024901105,,
1050700,,,,ENRICHMENT -1,1050700,,024901105,,
1051106,,,,CITIZENSHIP-PK,1051106,,024901105,,
1051200,,,,WRITING - 2,1051200,,024901105,,
1051307,,,,CITIZENSHIP - 3,1051307,,024901105,,
1051311,,,,Math,1051311,,024901105,,
1051400,,,,WRITING - 4,1051400,,024901105,,
1051412,,,,Math 4,1051412,,024901105,,
0019103,,,,ENGLISH 3 B,0019103,,024901001,,
0019112,,,,WORLD HIST B,0019112,,024901001,,
0019125,,,,SPANISH 2 B,0019125,,024901001,,
0414619,,,,RDG INV-6,0414619,,024901041,,
0414654,,,,BEG LOW BRASS,0414654,,024901041,,
0414656,,,,BEG SAX/TRUMP,0414656,,024901041,,
0414665,,,,CAREER EXPLORAT,0414665,,024901041,,
0414719,,,,RDG INV-7,0414719,,024901041,,
0414790,,,,COLL PREP MATH,0414790,,024901041,,
0414854,,,,BAND - 8,0414854,,024901041,,
0414907,,,,Math - 6TH,0414907,,024901041,,
0414910,,,,READING,0414910,,024901041,,
0414940,,,,SOCIAL STUDIES,0414940,,024901041,,
0414950,,,,LIFE SKILLS,0414950,,024901041,,
0415826,,,,CAREER PREP 1,0415826,,024901041,,
1011316,,,,MATH ENR - 3,1011316,,024901101,,
1011504,,,,SOC STUDIES - 5,1011504,,024901101,,
1011509,,,,Music-5,1011509,,024901101,,
1030002,,,,MATH - PK,1030002,,024901103,,
1050011,,,,LANG ARTS-KG,1050011,,024901105,,
1050060,,,,CITIZENSHIP - K,1050060,,024901105,,
1051304,,,,SOC STUDIES - 3,1051304,,024901105,,
1051316,,,,MATH ENR - 3,1051316,,024901105,,
1051413,,,,Science 4,1051413,,024901105,,
1051499,,,,HOMEBOUND,1051499,,024901105,,
1051505,,,,P E - 5,1051505,,024901105,,
1054400,,,,READING ELEC 4,1054400,,024901105,,
0019111,,,,WORLD GEO B,0019111,,024901001,,
0414613,,,,READING DYS 6,0414613,,024901041,,
0414640,,,,WORLD HISTORY 6,0414640,,024901041,,
0414657,,,,Band-6,0414657,,024901041,,
0414712,,,,ELA/RDG HONOR 7,0414712,,024901041,,
0414713,,,,READING DYS 7,0414713,,024901041,,
0414813,,,,READING DYS 8,0414813,,024901041,,
0414858,,,,THTR ARTS MS1,0414858,,024901041,,
0414865,,,,CAREER EXPLORAT,0414865,,024901041,,
0414880,,,,BUS INFORM MGMT,0414880,,024901041,,
0414890,,,,Gear-Up Adv.,0414890,,024901041,,
0414935,,,,SCIENCE,0414935,,024901041,,
0414948,,,,SOCIAL STUDIES,0414948,,024901041,,
0414958,,,,LIFE SKILLS,0414958,,024901041,,
1011201,,,,READING -2,1011201,,024901101,,
1011204,,,,SOC STUDIES - 2,1011204,,024901101,,
1011205,,,,P E - 2,1011205,,024901101,,
1011210,,,,ELA 2,1011210,,024901101,,
1011301,,,,READING -3,1011301,,024901101,,
1011401,,,,READING -4,1011401,,024901101,,
1011405,,,,P E - 4,1011405,,024901101,,
1011416,,,,READING 4,1011416,,024901101,,
1011501,,,,READING -5,1011501,,024901101,,
1012000,,,,ACC INSTRUCTION,1012000,,024901101,,
1030050,,,,P E - KG,1030050,,024901103,,
1050009,,,,HEADSTART,1050009,,024901105,,
1050110,,,,LANG ARTS-1,1050110,,024901105,,
1050120,,,,MATH-1,1050120,,024901105,,
1051205,,,,P E - 2,1051205,,024901105,,
1051206,,,,HEALTH - 2,1051206,,024901105,,
1051208,,,,JAB-2,1051208,,024901105,,
1051209,,,,STAAR Enr. 2,1051209,,024901105,,
1051210,,,,ELA 2,1051210,,024901105,,
1051306,,,,HEALTH - 3,1051306,,024901105,,
1051308,,,,JAB-3,1051308,,024901105,,
1051309,,,,STAAR Enr 3,1051309,,024901105,,
1051310,,,,ELA 3,1051310,,024901105,,
1051402,,,,MATHEMATICS - 4,1051402,,024901105,,
1051406,,,,HEALTH - 4,1051406,,024901105,,
1051408,,,,JAB-4,1051408,,024901105,,
1051410,,,,ELA 4,1051410,,024901105,,
1051416,,,,READING 4,1051416,,024901105,,
1051506,,,,HEALTH - 5,1051506,,024901105,,
1051510,,,,ELA 5,1051510,,024901105,,
1053300,,,,READING ELEC 3,1053300,,024901105,,
0019102,,,,ENGLISH 2 B,0019102,,024901001,,
0019106,,,,GEOMETRY B,0019106,,024901001,,
0019116,,,,HEALTH B,0019116,,024901001,,
0414611,,,,ELA/RDG B-6,0414611,,024901041,,
0414631,,,,SCI LAB 6,0414631,,024901041,,
0414642,,,,WH HONORS-6,0414642,,024901041,,
0414730,,,,SCIENCE 7,0414730,,024901041,,
0414731,,,,SCI LAB 7,0414731,,024901041,,
0414757,,,,MARIACHI 7,0414757,,024901041,,
0414794,,,,Interv-MathOn7,0414794,,024901041,,
0414830,,,,SCIENCE 8,0414830,,024901041,,
0414831,,,,SCI LAB 8,0414831,,024901041,,
0414856,,,,SYMPHONIC BAND,0414856,,024901041,,
0414857,,,,MARIACHI 8,0414857,,024901041,,
0414904,,,,READING - 6TH,0414904,,024901041,,
0414960,,,,VOC SKILLS,0414960,,024901041,,
1011211,,,,Math 2,1011211,,024901101,,
1011302,,,,MATHEMATICS - 3,1011302,,024901101,,
1011312,,,,Science,1011312,,024901101,,
1011313,,,,Soc Studies,1011313,,024901101,,
1011403,,,,SCIENCE - 4,1011403,,024901101,,
1011409,,,,STAAR Enr. 4,1011409,,024901101,,
1011417,,,,MATH 4,1011417,,024901101,,
1011517,,,,MATH 5,1011517,,024901101,,
1030012,,,,MATH-KG,1030012,,024901103,,
1031001,,,,ACC INSTRUCTION,1031001,,024901103,,
1031100,,,,LANG ARTS-PK,1031100,,024901103,,
1050001,,,,LANG ARTS - PK,1050001,,024901105,,
1050003,,,,SCIENCE - PK,1050003,,024901105,,
1050014,,,,SOC STUDIES-KG,1050014,,024901105,,
1050016,,,,CITIZENSHIP-K,1050016,,024901105,,
1050100,,,,LANG ARTS - 1,1050100,,024901105,,
1051203,,,,SCIENCE - 2,1051203,,024901105,,
1051218,,,,MATH 2,1051218,,024901105,,
1051507,,,,CITIZENSHIP - 5,1051507,,024901105,,
1051605,,,,PE,1051605,,024901105,,
1052200,,,,READING ELEC 2,1052200,,024901105,,
0019028,,,,CAREER PREP A,0019028,,024901001,,
0019105,,,,ALGEBRA 1 B,0019105,,024901001,,
0414658,,,,THTR ARTS MS1 6,0414658,,024901041,,
0414709,,,,INTERV/ENRICH 7,0414709,,024901041,,
0414791,,,,PRIN OF BMF,0414791,,024901041,,
0414906,,,,READING - 8TH,0414906,,024901041,,
0414928,,,,MATHEMATICS,0414928,,024901041,,
0414968,,,,VOC SKILLS,0414968,,024901041,,
0414998,,,,ALGEBRA 1 - HS,0414998,,024901041,,
1011212,,,,Science 2,1011212,,024901101,,
1011213,,,,Soc Stud 2,1011213,,024901101,,
1011414,,,,Soc Studies 4,1011414,,024901101,,
1011415,,,,LIFE SKILLS,1011415,,024901101,,
1030004,,,,SOC STUDIES-PK,1030004,,024901103,,
1031106,,,,CITIZENSHIP-PK,1031106,,024901103,,
1050008,,,,PE - PK,1050008,,024901105,,
1050020,,,,MATH - KG,1050020,,024901105,,
1050030,,,,SCIENCE - KG,1050030,,024901105,,
1050040,,,,SOC STUDIES-KG,1050040,,024901105,,
1051103,,,,SOC STUDIES-PK,1051103,,024901105,,
1051207,,,,CITIZENSHIP - 2,1051207,,024901105,,
1051213,,,,Soc Stud 2,1051213,,024901105,,
1051300,,,,WRITING - 3,1051300,,024901105,,
1051415,,,,LIFE SKILLS,1051415,,024901105,,
1051504,,,,SOC STUDIES - 5,1051504,,024901105,,
1051509,,,,Music-5,1051509,,024901105,,
0019025,,,,SPANISH II A,0019025,,024901001,,
0019108,,,,MMA B,0019108,,024901001,,
0019128,,,,CAREER PREP B,0019128,,024901001,,
0414623,,,,MATH -6 INTERV,0414623,,024901041,,
0414650,,,,P.E. 6,0414650,,024901041,,
0414655,,,,BEG PERCUSSION,0414655,,024901041,,
0414685,,,,INTRO ROB,0414685,,024901041,,
0414692,,,,INTERVNT-MATH6,0414692,,024901041,,
0414750,,,,P.E. 7,0414750,,024901041,,
0414755,,,,CONCERT BAND 7,0414755,,024901041,,
0414760,,,,ART I MS,0414760,,024901041,,
0414792,,,,INTERVNT-MATH7,0414792,,024901041,,
0414832,,,,SCI HONORS 8,0414832,,024901041,,
0414850,,,,P.E. 8,0414850,,024901041,,
0414855,,,,CONCERT BAND 8,0414855,,024901041,,
0414892,,,,INTERVNT-MATH8,0414892,,024901041,,
0414905,,,,READING - 7TH,0414905,,024901041,,
1011214,,,,LIFE SKILLS 2,1011214,,024901101,,
1011404,,,,SOC STUDIES - 4,1011404,,024901101,,
1011418,,,,ENRICHMENT 4,1011418,,024901101,,
1030011,,,,LANG ARTS-KG,1030011,,024901103,,
1030060,,,,CITIZENSHIP - K,1030060,,024901103,,
1050006,,,,CITIZENSHIP-PK,1050006,,024901105,,
1050010,,,,LANG ARTS - KG,1050010,,024901105,,
1050130,,,,SCIENCE-1,1050130,,024901105,,
1051101,,,,MATH-PK,1051101,,024901105,,
1051102,,,,SCIENCE-PK,1051102,,024901105,,
1051201,,,,READING -2,1051201,,024901105,,
1051204,,,,SOC STUDIES - 2,1051204,,024901105,,
1051214,,,,LIFE SKILLS 2,1051214,,024901105,,
1051301,,,,READING -3,1051301,,024901105,,
1051401,,,,READING -4,1051401,,024901105,,
1051405,,,,P E - 4,1051405,,024901105,,
1051501,,,,READING -5,1051501,,024901105,,
1052000,,,,ACC INSTRUCTION,1052000,,024901105,,
0019027,,,,TEAM SPORTS A,0019027,,024901001,,
0019029,,,,CAREER PREP 2 A,0019029,,024901001,,
0019109,,,,IPC B,0019109,,024901001,,
0019113,,,,US HISTORY B,0019113,,024901001,,
0019124,,,,SPANISH 1 B,0019124,,024901001,,
0414612,,,,ELA/RDG HONOR 6,0414612,,024901041,,
0414620,,,,MATH 6,0414620,,024901041,,
0414630,,,,SCIENCE 6,0414630,,024901041,,
0414652,,,,BEG CLARINETS,0414652,,024901041,,
0414670,,,,COLLEGE & CR 6,0414670,,024901041,,
0414720,,,,MATH 7,0414720,,024901041,,
0414742,,,,TX HIST HONOR 7,0414742,,024901041,,
0414751,,,,ATH-BOYS-7,0414751,,024901041,,
0414785,,,,ROB 1,0414785,,024901041,,
0414811,,,,ELA/RDG B-8,0414811,,024901041,,
0414820,,,,MATH 8,0414820,,024901041,,
0414870,,,,COLLEGE & CR 8,0414870,,024901041,,
0414885,,,,ROB 2,0414885,,024901041,,
0414915,,,,READING,0414915,,024901041,,
0414920,,,,MATHEMATICS,0414920,,024901041,,
0414945,,,,SOCIAL STUDIES,0414945,,024901041,,
0414955,,,,LIFE SKILLS,0414955,,024901041,,
1011215,,,,READING ENR-2,1011215,,024901101,,
1011219,,,,ENRICHMENT 2,1011219,,024901101,,
1011315,,,,READING ENR - 3,1011315,,024901101,,
1011502,,,,MATHEMATICS - 5,1011502,,024901101,,
1011514,,,,Soc. St 5,1011514,,024901101,,
1011516,,,,READING,1011516,,024901101,,
1011607,,,,CITIZENSHIP,1011607,,024901101,,
1030009,,,,HEADSTART,1030009,,024901103,,
1050600,,,,CITIZENSHIP -1,1050600,,024901105,,
1051000,,,,ACC INSTRUCTION,1051000,,024901105,,
1051211,,,,Math 2,1051211,,024901105,,
1051302,,,,MATHEMATICS - 3,1051302,,024901105,,
1051312,,,,Science,1051312,,024901105,,
1051313,,,,Soc Studies,1051313,,024901105,,
1051403,,,,SCIENCE - 4,1051403,,024901105,,
1051409,,,,STAAR Enr. 4,1051409,,024901105,,
1051417,,,,MATH 4,1051417,,024901105,,
1051514,,,,Soc. St 5,1051514,,024901105,,
1051516,,,,READING,1051516,,024901105,,
1051517,,,,MATH 5,1051517,,024901105,,
0019104,,,,ENGLISH 4 B,0019104,,024901001,,
0019107,,,,ALGEBRA 2 B,0019107,,024901001,,
0019110,,,,BIOLOGY B,0019110,,024901001,,
0019126,,,,INDV SPORTS B,0019126,,024901001,,
0019127,,,,TEAM SPORTS B,0019127,,024901001,,
0019129,,,,CAREER PREP 2 B,0019129,,024901001,,
0414622,,,,MATH HONORS 6,0414622,,024901041,,
0414649,,,,P.E. 6,0414649,,024901041,,
0414721,,,,MATH  B-7,0414721,,024901041,,
0414722,,,,MATH HONORS 7,0414722,,024901041,,
0414765,,,,CAREER EXPLORAT,0414765,,024901041,,
0414821,,,,MATH  B-8,0414821,,024901041,,
0414822,,,,MATH HONORS 8,0414822,,024901041,,
0414823,,,,ALG 1,0414823,,024901041,,
0414851,,,,ATHLETICS 8 BOY,0414851,,024901041,,
0414852,,,,ATHLETICS 8 GIR,0414852,,024901041,,
0414875,,,,SPANISH I - 8,0414875,,024901041,,
0414926,,,,LANG ARTS,0414926,,024901041,,
0414936,,,,SCIENCE,0414936,,024901041,,
0414971,,,,SOCIAL SKILLS,0414971,,024901041,,
1011202,,,,MATHEMATICS - 2,1011202,,024901101,,
1011217,,,,READING 2,1011217,,024901101,,
1011303,,,,SCIENCE - 3,1011303,,024901101,,
1011518,,,,ENRICHMENT 5,1011518,,024901101,,
1011606,,,,HEALTH,1011606,,024901101,,
1030001,,,,LANG ARTS - PK,1030001,,024901103,,
1030003,,,,SCIENCE - PK,1030003,,024901103,,
1030016,,,,CITIZENSHIP-K,1030016,,024901103,,
1050013,,,,SCIENCE-KG,1050013,,024901105,,
1051001,,,,ACC INSTRUCTION,1051001,,024901105,,
1051212,,,,Science 2,1051212,,024901105,,
1051407,,,,CITIZENSHIP - 4,1051407,,024901105,,
1051414,,,,Soc Studies 4,1051414,,024901105,,
1051500,,,,WRITING - 5,1051500,,024901105,,
1051606,,,,HEALTH,1051606,,024901105,,
0019026,,,,IND. SPORTS,0019026,,024901001,,
0019101,,,,ENGLISH 1 B,0019101,,024901001,,
0019119,,,,ART 1 B,0019119,,024901001,,
0019120,,,,BIMS 1 B,0019120,,024901001,,
0019999,,,,SEE COUNSELOR,0019999,,024901001,,
0414501,,,,KEYBOARDING,0414501,,024901041,,
0414609,,,,INTERV/ENRICH 6,0414609,,024901041,,
0414632,,,,SC HONORS 6,0414632,,024901041,,
0414653,,,,BEG FLUTES,0414653,,024901041,,
0414723,,,,MATH -7 INTERV,0414723,,024901041,,
0414758,,,,THTR ARTS MS1 7,0414758,,024901041,,
0414793,,,,Interv-Rdg.On7,0414793,,024901041,,
0414891,,,,BUS IN FORM MGT,0414891,,024901041,,
0414930,,,,SCIENCE,0414930,,024901041,,
0414965,,,,VOC SKILLS,0414965,,024901041,,
1011311,,,,Math,1011311,,024901101,,
1011412,,,,Math 4,1011412,,024901101,,
1011512,,,,Math 5,1011512,,024901101,,
1015500,,,,READING ELEC 5,1015500,,024901101,,
1030008,,,,PE - PK,1030008,,024901103,,
1030020,,,,MATH - KG,1030020,,024901103,,
1030030,,,,SCIENCE - KG,1030030,,024901103,,
1030040,,,,SOC STUDIES-KG,1030040,,024901103,,
1031103,,,,SOC STUDIES-PK,1031103,,024901103,,
1050002,,,,MATH - PK,1050002,,024901105,,
1050400,,,,Social Studies,1050400,,024901105,,
1050900,,,,MATH ENRICHMENT,1050900,,024901105,,
1051220,,,,Intervention,1051220,,024901105,,
1051404,,,,SOC STUDIES - 4,1051404,,024901105,,
1051418,,,,ENRICHMENT 4,1051418,,024901105,,
1051512,,,,Math 5,1051512,,024901105,,
1055500,,,,READING ELEC 5,1055500,,024901105,,
0019122,,,,SOCIOLOGY B,0019122,,024901001,,
0414000,,,,ACC INSTRUCTION,0414000,,024901041,,
0414756,,,,SYMPHONIC BAND7,0414756,,024901041,,
0414812,,,,ELA/RDG HONOR 8,0414812,,024901041,,
0414819,,,,RDG INV-8,0414819,,024901041,,
0414842,,,,AM HIST HONOR 8,0414842,,024901041,,
0414938,,,,SCIENCE,0414938,,024901041,,
1011304,,,,SOC STUDIES - 3,1011304,,024901101,,
1011305,,,,P E - 3,1011305,,024901101,,
1011413,,,,Science 4,1011413,,024901101,,
1011499,,,,HOMEBOUND,1011499,,024901101,,
1011505,,,,P E - 5,1011505,,024901101,,
1011513,,,,Science 5,1011513,,024901101,,
1014400,,,,READING ELEC 4,1014400,,024901101,,
1030006,,,,CITIZENSHIP-PK,1030006,,024901103,,
1030010,,,,LANG ARTS - KG,1030010,,024901103,,
1031101,,,,MATH-PK,1031101,,024901103,,
1031102,,,,SCIENCE-PK,1031102,,024901103,,
1050050,,,,P E - KG,1050050,,024901105,,
1050200,,,,MATH - 1,1050200,,024901105,,
1050300,,,,SCIENCE - 1,1050300,,024901105,,
1050800,,,,RDG. ENRICHMNET,1050800,,024901105,,
1051215,,,,READING ENR-2,1051215,,024901105,,
1051219,,,,ENRICHMENT 2,1051219,,024901105,,
1051305,,,,P E - 3,1051305,,024901105,,
1051315,,,,READING ENR - 3,1051315,,024901105,,
1051502,,,,MATHEMATICS - 5,1051502,,024901105,,
1051513,,,,Science 5,1051513,,024901105,,
1051607,,,,CITIZENSHIP,1051607,,024901105,,
